keyword,title,price,url,shipping_x,scraped_at,title_full,price_item,condition,shipping_y,marca,linha,modelo,processador,nome_do_sistema_operacional,capacidade_de_armazenamento,placa_gráfica,capacidade_total_do_módulo_de_memória_ram,capacidade_de_disco_ssd,cor,versão_do_sistema_operacional,quantidade_de_núcleos,é_gamer,otimizado_para_ia,fabricante,modelo_alfanumérico
mac-mini-m4,Apple Mac Mini M4 16gb 256gb Ssd Cinza Macos,5587,https://produto.mercadolivre.com.br/MLB-3964370751-apple-mac-mini-m4-16gb-256gb-ssd-cinza-macos-_JM?searchVariation=182822025180,Frete grátis,2025-05-18 18:21:22.395126,Apple Mac Mini M4 16gb 256gb Ssd Cinza Macos,5587,Novo  |  +25 vendidos,"em 12x R$ 465 , 58 sem juros",Apple,mac,Mac mini,M4,macOS,256 GB,,16 GB,256 GB,Cinza,Ventura,8,Não,Não,Apple,
mac-mini-m4,Mini Mac M4 10 Nucleos Memoria 16 Ssd 256gb,5649,https://www.mercadolivre.com.br/mini-mac-m4-10-nucleos-memoria-16-ssd-256gb/up/MLBU3132319777,Frete grátis,2025-05-18 18:21:22.395126,Mini Mac M4 10 Nucleos Memoria 16 Ssd 256gb,5649,Novo  |  +5 vendidos,"em 12x R$ 542 , 96",Apple,M4,Mac mini,M4,macOS,256 GB,Apple M4 10-core,16 GB,,Silver,,,Não,Não,Apple,MU9D3LL/A
mac-mini-m4,Apple Mac Mini M4 (2024) 10cpu 10gpu 16gb 256gb Envio Hoje,6599,https://produto.mercadolivre.com.br/MLB-5310805116-apple-mac-mini-m4-2024-10cpu-10gpu-16gb-256gb-envio-hoje-_JM?searchVariation=183081273230,Frete grátis,2025-05-18 18:21:22.395126,Apple Mac Mini M4 (2024) 10cpu 10gpu 16gb 256gb Envio Hoje,6599,Novo  |  +25 vendidos,"em 12x R$ 549 , 92 sem juros",Apple,M4,Mac mini,M4,macOS,256 GB,Apple M4 10-core,16 GB,256 GB,Prateado,,,Não,Não,Apple,MU9D3LL/A
mac-mini-m4,Mac Mini Apple M4 10-core 16gb Ram 256gb Ssd Prateado,5487,https://www.mercadolivre.com.br/mac-mini-apple-m4-10core-16gb-ram-256gb-ssd-prateado/up/MLBU3165451156,Frete grátis,2025-05-18 18:21:22.396126,Mac Mini Apple M4 10-core 16gb Ram 256gb Ssd Prateado,5487,Novo  |  1 vendido,"em 12x R$ 527 , 39",Apple,M4,Mac mini,M4,macOS,256 GB,Apple M4 10-core,16 GB,256 GB,Prateado,macOs  Sequoia,10,Não,Não,Apple,MU9D3LL/A
mac-mini-m4,Mac Mini M4 Chip 10core Cpu And 10core Gpu 256gb Com Nf,5869,https://produto.mercadolivre.com.br/MLB-4065695161-mac-mini-m4-chip-10core-cpu-and-10core-gpu-256gb-com-nf-_JM?searchVariation=183643615088,Frete grátis,2025-05-18 18:21:22.396126,Mac Mini M4 Chip 10core Cpu And 10core Gpu 256gb Com Nf,5869,Novo,"em 12x R$ 489 , 08 sem juros",Apple,Mac Mini M4,Mac mini,M4,macOS,256 GB,10 CORE GPU,16 GB,256 GB,Cinza,MacOS,10,Não,Não,Apple,111172201993
mac-mini-m4,Apple Mac Mini M4 (2024) 10cpu 10gpu 16gb 256gb Envio Hoje,5925,https://www.mercadolivre.com.br/apple-mac-mini-m4-2024-10cpu-10gpu-16gb-256gb-envio-hoje/up/MLBU3179088835,Frete grátis,2025-05-18 18:21:22.396126,Apple Mac Mini M4 (2024) 10cpu 10gpu 16gb 256gb Envio Hoje,5925,Novo,"em 12x R$ 569 , 53",Apple,M4,Mac mini,M4,macOS,256 GB,Apple M4 10-core,16 GB,256 GB,Prateado,iOS,10,Não,Não,APPLE INC,MU9D3LL/A
mac-mini-m4,Apple Mac Mini M4 - 10cpu 10gpu - 16gb Ram / 256gb Ssd,7440,https://produto.mercadolivre.com.br/MLB-5247712890-apple-mac-mini-m4-10cpu-10gpu-16gb-ram-256gb-ssd-_JM?searchVariation=186669891669,Frete grátis,2025-05-18 18:21:22.396126,Apple Mac Mini M4 - 10cpu 10gpu - 16gb Ram / 256gb Ssd,7440,Novo  |  +5 vendidos,em 12x R$ 496 sem juros,Apple,MAC MINI,Mac Mini M4,M4,macOS,256 GB,10-Core GPU,16 GB,256 GB,,Sequoia,,Não,Não,Apple,A3238
mac-mini-m4,Apple Mac Mini C/chip M4 16gb Ram 256gb Ssd,5999,https://produto.mercadolivre.com.br/MLB-4047658009-apple-mac-mini-cchip-m4-16gb-ram-256gb-ssd-_JM?searchVariation=187757441077,Frete grátis,2025-05-18 18:21:22.396126,Apple Mac Mini C/chip M4 16gb Ram 256gb Ssd,5999,Novo  |  +5 vendidos,"em 12x R$ 499 , 92 sem juros",Apple,mac,MAC MINI M4,M4,macOS,256 GB,,16 GB,256 GB,Cinza,,,Não,Não,,MU9D3LL/A
mac-mini-m4,"Apple Mac Mini M4 Pro (2024) 12cpu 16gpu 24gb Ram 512gb Ssd,",13387,https://produto.mercadolivre.com.br/MLB-5284089126-apple-mac-mini-m4-pro-2024-12cpu-16gpu-24gb-ram-512gb-ssd-_JM?searchVariation=182880644022,Frete grátis,2025-05-18 18:21:22.396126,"Apple Mac Mini M4 Pro (2024) 12cpu 16gpu 24gb Ram 512gb Ssd,",13387,Novo  |  3 vendidos,"em 12x R$ 1.115 , 58 sem juros",Apple,M4,Mac mini,M4 Pro,macOS,512 GB,Apple M4 12-core,24 GB,512 GB,Prateado,Sierra,8,Não,Não,Apple,MCX44LL/A
mac-mini-m4,"Apple Mac Mini M4 (2024) 10cpu 10gpu 24gb Ram 512gb Ssd, 12x",11899,https://produto.mercadolivre.com.br/MLB-5171847080-apple-mac-mini-m4-2024-10cpu-10gpu-24gb-ram-512gb-ssd-12x-_JM?searchVariation=182183205290,Frete grátis,2025-05-18 18:21:22.397126,"Apple Mac Mini M4 (2024) 10cpu 10gpu 24gb Ram 512gb Ssd, 12x",11899,Novo  |  +5 vendidos,"em 12x R$ 862 , 68 sem juros",Apple,M4,Mac mini,M4,macOS,,Apple M4 10-core,24 GB,512 GB,Prateado,Sequoia,10,,Não,Apple,MCYT4LL/A
mac-mini-m4,"Apple Mac Mini M4 (2024) 10cpu 10gpu, 16gb Ram, 512gb Ssd",8259,https://produto.mercadolivre.com.br/MLB-5336906406-apple-mac-mini-m4-2024-10cpu-10gpu-16gb-ram-512gb-ssd-_JM?searchVariation=183259989724,Frete grátis,2025-05-18 18:21:22.397126,"Apple Mac Mini M4 (2024) 10cpu 10gpu, 16gb Ram, 512gb Ssd",8259,Novo  |  +5 vendidos,"em 12x R$ 688 , 25 sem juros",Apple,M4,Mac mini,M4,macOS,512 GB,Apple M4 10-core,16 GB,512 GB,Prateado,Sequoia,10,Não,Não,Apple,MU9ELL/A
mac-mini-m4,Apple Mac Mini M4 24gb Ram 512gb Lacrado Com Garantia Apple,10196,https://produto.mercadolivre.com.br/MLB-4062682201-apple-mac-mini-m4-24gb-ram-512gb-lacrado-com-garantia-apple-_JM?searchVariation=183611006996,Frete grátis,2025-05-18 18:21:22.397126,Apple Mac Mini M4 24gb Ram 512gb Lacrado Com Garantia Apple,10196,Novo,"em 12x R$ 849 , 68 sem juros",Apple,M4,Mac mini,M4,macOS,,Apple M4 10-core,24 GB,512 GB,Prateado,Sequoia,10,Não,Não,Apple Inc,MCYT4LL/A
mac-mini-m4,Apple Mac Mini M4 16gb Ram 512gb Lacrado Com Garantia Apple,7956,https://produto.mercadolivre.com.br/MLB-4062628359-apple-mac-mini-m4-16gb-ram-512gb-lacrado-com-garantia-apple-_JM?searchVariation=183610772320,Frete grátis,2025-05-18 18:21:22.397126,Apple Mac Mini M4 16gb Ram 512gb Lacrado Com Garantia Apple,7956,Novo,"em 12x R$ 663 , 02 sem juros",Apple,M4,Mac mini,M4,macOS,512 GB,Apple M4 10-core,16 GB,512 GB,Prateado,Sequoia,10,Não,Não,Apple Inc,MU9ELL/A
mac-mini-m4,Apple Mac Mini M4 16gb/256gb Ssd - Silver,5799,https://produto.mercadolivre.com.br/MLB-5328662074-apple-mac-mini-m4-16gb256gb-ssd-silver-_JM?searchVariation=187320628385,Frete grátis,2025-05-18 18:21:22.397126,Apple Mac Mini M4 16gb/256gb Ssd - Silver,5799,Novo  |  2 vendidos,"em 12x R$ 483 , 25 sem juros",Apple,M4,Mac mini,M4,macOS,256 GB,Apple M4 10-core,16 GB,256 GB,Prateado,Sierra,10,Não,Não,Apple,MU9D3LL/A
mac-mini-m4,Apple Mac Mini M4 16gb Ram 512gb Garantia Apple Lacrado 2024,7596,https://produto.mercadolivre.com.br/MLB-4062551265-apple-mac-mini-m4-16gb-ram-512gb-garantia-apple-lacrado-2024-_JM?searchVariation=187945956869,Frete grátis,2025-05-18 18:21:22.397126,Apple Mac Mini M4 16gb Ram 512gb Garantia Apple Lacrado 2024,7596,Novo,"em 12x R$ 730 , 12",Apple,M4,Mac mini,M4,macOS,512 GB,Apple M4 10-core,16 GB,512 GB,Prateado,Sequoia,10,Não,Não,Apple Inc,MU9ELL/A
mac-mini-m4,SSD Apple Mac Mini M2 Pro de 512 GB 16 GB de RAM 2023,11299,https://www.mercadolivre.com.br/ssd-apple-mac-mini-m2-pro-de-512-gb-16-gb-de-ram-2023/p/MLB22934158,Frete grátis,2025-05-18 18:21:22.398127,SSD Apple Mac Mini M2 Pro de 512 GB 16 GB de RAM 2023,11299,Novo  |  4 vendidos,"em 12x R$ 1.086 , 02",Apple,,Mac mini,M2 pro,macOS,512 GB,,16 GB,512 GB,Silver,,,,,,
mac-mini-m4,Apple Mac Mini M4 (2024) 10cpu 10gpu 16gb 256gb Envio Hoje,5683,https://produto.mercadolivre.com.br/MLB-5386170154-apple-mac-mini-m4-2024-10cpu-10gpu-16gb-256gb-envio-hoje-_JM?searchVariation=183598469920,Frete grátis,2025-05-18 18:21:22.398127,Apple Mac Mini M4 (2024) 10cpu 10gpu 16gb 256gb Envio Hoje,5683,Novo,"em 12x R$ 473 , 58 sem juros",Apple,M4,Mac mini,M4,macOS,256 GB,Apple M4 10-core,16 GB,256 GB,Prateado,,,Não,Não,Apple,MU9D3LL/A
mac-mini-m4,Apple Mac Mini M4 2024 10cpu 10gpu 16gb 256gb,6000,https://produto.mercadolivre.com.br/MLB-3993407401-apple-mac-mini-m4-2024-10cpu-10gpu-16gb-256gb-_JM?searchVariation=183054372222,Frete grátis,2025-05-18 18:21:22.398127,Apple Mac Mini M4 2024 10cpu 10gpu 16gb 256gb,6000,Novo  |  3 vendidos,em 12x R$ 500 sem juros,Apple,M4,Mac mini,M4,macOS,256 GB,Apple M4 10-core,16 GB,256 GB,Prateado,,2,Não,Não,Apple,MU9D3LL/A
mac-mini-m4,"Apple Mac Mini M4 (2024) 10cpu 10gpu 24gb Ram 512gb Ssd, 12x",11899,https://produto.mercadolivre.com.br/MLB-5370783830-apple-mac-mini-m4-2024-10cpu-10gpu-24gb-ram-512gb-ssd-12x-_JM?searchVariation=187757203081,Frete grátis,2025-05-18 18:21:22.398127,"Apple Mac Mini M4 (2024) 10cpu 10gpu 24gb Ram 512gb Ssd, 12x",11899,Novo,"em 12x R$ 991 , 58 sem juros",Apple,M4,Mac mini,M4,macOS,,Apple M4 10-core,24 GB,512 GB,Prateado,Sequoia,16,Não,Não,Apple,MCYT4LL/A
mac-mini-m4,Apple Mac Mini M4 16gb/256gb Ssd - Silver,5799,https://produto.mercadolivre.com.br/MLB-5328764430-apple-mac-mini-m4-16gb256gb-ssd-silver-_JM?searchVariation=183208106864,Frete grátis,2025-05-18 18:21:22.398127,Apple Mac Mini M4 16gb/256gb Ssd - Silver,5799,Novo  |  +25 vendidos,"em 12x R$ 483 , 25 sem juros",Apple,M4,Mac mini,M4,macOS,256 GB,Apple M4 10-core,16 GB,256 GB,Prateado,Sierra,10,Não,Não,Apple,MU9D3LL/A
mac-mini-m4,Apple Mac Mini M4 16gb/256gb Ssd - Silver,5499,https://produto.mercadolivre.com.br/MLB-5328834870-apple-mac-mini-m4-16gb256gb-ssd-silver-_JM?searchVariation=187320604705,Frete grátis,2025-05-18 18:21:22.399126,Apple Mac Mini M4 16gb/256gb Ssd - Silver,5499,Novo  |  +5 vendidos,"em 12x R$ 528 , 55",Apple,M4,Mac mini,M4,macOS,256 GB,Apple M4 10-core,16 GB,256 GB,Prateado,Sierra,10,Não,Não,Apple,MU9D3LL/A
mac-mini-m4,Apple Mac Mini M4 16gb/256gb Ssd - Silver,5499,https://produto.mercadolivre.com.br/MLB-5328835266-apple-mac-mini-m4-16gb256gb-ssd-silver-_JM?searchVariation=187320605461,Frete grátis,2025-05-18 18:21:22.399126,Apple Mac Mini M4 16gb/256gb Ssd - Silver,5499,Novo  |  1 vendido,"em 12x R$ 528 , 55",Apple,M4,Mac mini,M4,macOS,256 GB,Apple M4 10-core,16 GB,256 GB,Prateado,Sierra,10,Não,Não,Apple,MU9D3LL/A
mac-mini-m4,Apple Mac Mini M4 (2024) 10cpu 10gpu 24gb Ram 512gb Ssd,11391,https://produto.mercadolivre.com.br/MLB-5171688284-apple-mac-mini-m4-2024-10cpu-10gpu-24gb-ram-512gb-ssd-_JM?searchVariation=186008313141,Frete grátis,2025-05-18 18:21:22.399126,Apple Mac Mini M4 (2024) 10cpu 10gpu 24gb Ram 512gb Ssd,11391,Novo  |  +5 vendidos,"em 12x R$ 952 , 60",Apple,M4,Mac mini,M4,macOS,,Apple M4 10-core,24 GB,512 GB,Prateado,Sequoia,10,,Não,Apple,MCYT4LL/A
mac-mini-m4,Apple Mac Mini Chip M4 Pro 12c Cpu 16c Gpu 24gb 512gb A3239,12999,https://www.mercadolivre.com.br/apple-mac-mini-chip-m4-pro-12c-cpu-16c-gpu-24gb-512gb-a3239/up/MLBU3172995603,Frete grátis,2025-05-18 18:21:22.399126,Apple Mac Mini Chip M4 Pro 12c Cpu 16c Gpu 24gb 512gb A3239,12999,Novo,"em 12x R$ 1.083 , 33 sem juros",Apple,MAC MINI,A3239,M4 Pro,macOS,512 GB,Apple M4 16-Core GPU,24 GB,512 GB,Prata,,12,Não,Não,Apple,MCX44LL/A
mac-mini-m4,"Apple Mac Mini M4 (2024) 10cpu 10gpu 32gb Ram 512gb Ssd, 12x",15699,https://produto.mercadolivre.com.br/MLB-5171847474-apple-mac-mini-m4-2024-10cpu-10gpu-32gb-ram-512gb-ssd-12x-_JM?searchVariation=182183207386,Frete grátis,2025-05-18 18:21:22.399126,"Apple Mac Mini M4 (2024) 10cpu 10gpu 32gb Ram 512gb Ssd, 12x",15699,Novo  |  +5 vendidos,"em 12x R$ 1.138 , 18 sem juros",Apple,M4,Mac mini,M4,macOS,,Apple M4 10-core,32 GB,512 GB,Prateado,Sequoia,10,,Não,Apple,Z1CF000C9
mac-mini-m4,4990 À Vista Apple Mac Mini M4 16gb Ram 10cpu 10gpu 256gb,6350,https://produto.mercadolivre.com.br/MLB-5366440596-4990-vista-apple-mac-mini-m4-16gb-ram-10cpu-10gpu-256gb-_JM?searchVariation=183458869010,Frete grátis,2025-05-18 18:21:22.400127,4990 À Vista Apple Mac Mini M4 16gb Ram 10cpu 10gpu 256gb,6350,Novo,"em 12x R$ 556 , 08",Apple,M4,Mac mini,M4,macOS,256 GB,Apple M4 10-core,16 GB,256 GB,Prateado,,,Não,Não,Apple,MU9D3LL/A
mac-mini-m4,"Apple Mac Studio M4 Max 14-core/32-core 36gb Ram 512gb Ssd,",23799,https://produto.mercadolivre.com.br/MLB-3998175851-apple-mac-studio-m4-max-14-core32-core-36gb-ram-512gb-ssd-_JM?searchVariation=183094084878,Frete grátis,2025-05-18 18:21:22.400127,"Apple Mac Studio M4 Max 14-core/32-core 36gb Ram 512gb Ssd,",23799,Novo  |  2 vendidos,"em 12x R$ 1.725 , 43 sem juros",Apple,Mac studio,Início 2024,M4 Max,macOS,,GPU 32 Núcleos,36 GB,512 GB,Cinza,,14,Não,Não,Apple,MU963LL/A
mac-mini-m4,Apple Mac Mini M4 16gb/256gb Ssd - Silver,5499,https://www.mercadolivre.com.br/apple-mac-mini-m4-16gb256gb-ssd--silver/up/MLBU3146162433,Frete grátis,2025-05-18 18:21:22.400127,Apple Mac Mini M4 16gb/256gb Ssd - Silver,5499,Novo,"em 12x R$ 528 , 55",Apple,M4,Mac mini,M4,macOS,256 GB,Apple M4 10-core,16 GB,256 GB,Prateado,Sierra,,Não,Não,Apple,MU9D3LL/A
mac-mini-m4,Apple Mac Mini M4 (2024) 10cpu 10gpu 16gb 256gb Envio Hoje,6299,https://produto.mercadolivre.com.br/MLB-5310908830-apple-mac-mini-m4-2024-10cpu-10gpu-16gb-256gb-envio-hoje-_JM?searchVariation=187153281369,Frete grátis,2025-05-18 18:21:22.400127,Apple Mac Mini M4 (2024) 10cpu 10gpu 16gb 256gb Envio Hoje,6299,Novo  |  +5 vendidos,"em 12x R$ 605 , 44",Apple,M4,Mac mini,M4,macOS,256 GB,Apple M4 10-core,16 GB,256 GB,Prateado,,,Não,Não,Apple,MU9D3LL/A
mac-mini-m4,Apple Mac Mini M4 Pro - 2024 12cpu 16gpu 24gb Ram 512gb Ssd,15990,https://produto.mercadolivre.com.br/MLB-5288011902-apple-mac-mini-m4-pro-2024-12cpu-16gpu-24gb-ram-512gb-ssd-_JM?searchVariation=186939260307,Frete grátis,2025-05-18 18:21:22.400127,Apple Mac Mini M4 Pro - 2024 12cpu 16gpu 24gb Ram 512gb Ssd,15990,Novo  |  2 vendidos,"em 12x R$ 1.199 , 25 sem juros",Apple,M4,Mac mini,M4 Pro,macOS,512 GB,Apple M4 16-core,24 GB,512 GB,Prateado,Sequoia,12,Não,Não,Apple,MCX44LL/A
mac-mini-m4,4990 À Vista Apple Mac Mini M4 10cpu 10gpu 16gb Ram 256gb,6490,https://produto.mercadolivre.com.br/MLB-5362164020-4990-vista-apple-mac-mini-m4-10cpu-10gpu-16gb-ram-256gb-_JM?searchVariation=187628951155,Frete grátis,2025-05-18 18:21:22.401110,4990 À Vista Apple Mac Mini M4 10cpu 10gpu 16gb Ram 256gb,6490,Novo,"em 12x R$ 511 , 12 sem juros",Apple,M4,Mac mini,M4,macOS,256 GB,Apple M4 10-core,16 GB,256 GB,Prateado,,,Não,Não,Apple,MU9D3LL/A
mac-mini-m4,"Apple Mac Mini M4 (2024) 10cpu 10gpu 32gb Ram 1tb Ssd, 12x",16999,https://produto.mercadolivre.com.br/MLB-3982911981-apple-mac-mini-m4-2024-10cpu-10gpu-32gb-ram-1tb-ssd-12x-_JM?searchVariation=187012771779,Frete grátis,2025-05-18 18:21:22.401110,"Apple Mac Mini M4 (2024) 10cpu 10gpu 32gb Ram 1tb Ssd, 12x",16999,Novo  |  3 vendidos,"em 12x R$ 1.232 , 43 sem juros",Apple,M4,Mac mini,M4,macOS,,Apple M4 10-core,32 GB,1 TB,Prateado,Sequoia,10,Não,Não,Apple,Z1CF000AD
mac-mini-m4,Apple Mac Mini M4 (2024) 16gb Ram 256ssd Envio Imediato,6474,https://produto.mercadolivre.com.br/MLB-3946566209-apple-mac-mini-m4-2024-16gb-ram-256ssd-envio-imediato-_JM?searchVariation=182701507736,Frete grátis,2025-05-18 18:21:22.401110,Apple Mac Mini M4 (2024) 16gb Ram 256ssd Envio Imediato,6474,Novo  |  1 vendido,"em 12x R$ 539 , 55 sem juros",Apple,M4,Mac mini,M4,macOS,256 GB,Apple M4 10-core,16 GB,256 GB,Prateado,MacOS,10,Não,Não,Apple,MU9D3LL/A
mac-mini-m4,Apple Mac Mini M4 Pro (2024) 14cpu 20gpu 64gb Ram 1tb Ssd,25199,https://produto.mercadolivre.com.br/MLB-5171786792-apple-mac-mini-m4-pro-2024-14cpu-20gpu-64gb-ram-1tb-ssd-_JM?searchVariation=186008506127,Frete grátis,2025-05-18 18:21:22.401110,Apple Mac Mini M4 Pro (2024) 14cpu 20gpu 64gb Ram 1tb Ssd,25199,Novo  |  4 vendidos,"em 12x R$ 2.107 , 18",Apple,M4,Mac mini,M4 Pro,macOS,,Apple M4 14-core,64 GB,1 TB,Prateado,Sequoia,14,,Não,Apple,Z1JV000KF
mac-mini-m4,Apple Mac Mini M4 Pro 12cpu 16gpu 24gb Ram 512gb Ssd,12960,https://www.mercadolivre.com.br/apple-mac-mini-m4-pro-12cpu-16gpu-24gb-ram-512gb-ssd/up/MLBU3105009060,Frete grátis,2025-05-18 18:21:22.401110,Apple Mac Mini M4 Pro 12cpu 16gpu 24gb Ram 512gb Ssd,12960,Novo,em 12x R$ 1.080 sem juros,Apple,M4 Pro,A3239,M4 Pro,macOS,512 GB,,24 GB,512 GB,,,,Não,Não,Apple,MCX44LL/A
mac-mini-m4,"Mac Mini Chip M4 Pro (24 Gb Ram, Ssd De 512 Gb)",15690,https://produto.mercadolivre.com.br/MLB-5327219558-mac-mini-chip-m4-pro-24-gb-ram-ssd-de-512-gb-_JM?searchVariation=187307079197,Frete grátis,2025-05-18 18:21:22.401110,"Mac Mini Chip M4 Pro (24 Gb Ram, Ssd De 512 Gb)",15690,Novo,"em 12x R$ 1.111 , 38 sem juros",Apple,M4,Mac mini,M4 Pro,macOS,512 GB,20,24 GB,512 GB,Prateado,Sequoia,,Não,Não,Apple,MCX44LL/A
mac-mini-m4,"Apple Mac Mini M4 (2024) 10cpu 10gpu 24gb Ram 1tb Ssd, 12x",14899,https://produto.mercadolivre.com.br/MLB-3993895277-apple-mac-mini-m4-2024-10cpu-10gpu-24gb-ram-1tb-ssd-12x-_JM?searchVariation=187127302541,Frete grátis,2025-05-18 18:21:22.401110,"Apple Mac Mini M4 (2024) 10cpu 10gpu 24gb Ram 1tb Ssd, 12x",14899,Novo  |  1 vendido,"em 12x R$ 1.080 , 18 sem juros",Apple,M4,Mac mini,M4,macOS,,Apple M4 10-core,24 GB,1 TB,Prateado,Sequoia,10,Não,Não,Apple,Z1CF000C7
mac-mini-m4,"Apple Mac Studio M4 Max 14-core/32-core 36gb Ram 1tb Ssd,",26499,https://produto.mercadolivre.com.br/MLB-5312378370-apple-mac-studio-m4-max-14-core32-core-36gb-ram-1tb-ssd-_JM?searchVariation=183094102830,Frete grátis,2025-05-18 18:21:22.402126,"Apple Mac Studio M4 Max 14-core/32-core 36gb Ram 1tb Ssd,",26499,Novo,"em 12x R$ 2.034 , 90 sem juros",Apple,Mac studio,Início 2024,M4 Max,macOS,1 TB,GPU 32 Núcleos,36 GB,1 TB,Cinza,,14,Não,Não,Apple,MSM4MAX02
mac-mini-m4,"Apple Mac Mini M4 (2024) 10cpu 10gpu 16gb Ram 512gb Ssd, 12x",9999,https://produto.mercadolivre.com.br/MLB-5171699336-apple-mac-mini-m4-2024-10cpu-10gpu-16gb-ram-512gb-ssd-12x-_JM?searchVariation=186008374635,Frete grátis,2025-05-18 18:21:22.402126,"Apple Mac Mini M4 (2024) 10cpu 10gpu 16gb Ram 512gb Ssd, 12x",9999,Novo  |  +5 vendidos,"em 12x R$ 724 , 93 sem juros",Apple,M4,Mac mini,M4,macOS,,Apple M4 10-core,16 GB,512 GB,Prateado,Sequoia,10,,Não,Apple,MU9D3LL/A
mac-mini-m4,Apple Mac Mini M4 14/20-core 64gb Ram 2tb Ssd,29990,https://produto.mercadolivre.com.br/MLB-3933853531-apple-mac-mini-m4-1420-core-64gb-ram-2tb-ssd-_JM?searchVariation=186443439301,Frete grátis,2025-05-18 18:21:22.402126,Apple Mac Mini M4 14/20-core 64gb Ram 2tb Ssd,29990,Novo,"em 12x R$ 2.499 , 17 sem juros",Apple,MAC MINI M4,Mac mini,M4,macOS,16 GB,20 core GPU,64 GB,2 TB,Prateado,MacOS,20,Não,Não,Apple,1
mac-mini-m4,"Apple Mac Mini M4 Pro (2024) 14cpu 20gpu 64gb Ram 2tb Ssd,",30699,https://produto.mercadolivre.com.br/MLB-5171711940-apple-mac-mini-m4-pro-2024-14cpu-20gpu-64gb-ram-2tb-ssd-_JM?searchVariation=182183356894,Frete grátis,2025-05-18 18:21:22.402126,"Apple Mac Mini M4 Pro (2024) 14cpu 20gpu 64gb Ram 2tb Ssd,",30699,Novo  |  +5 vendidos,"em 12x R$ 2.225 , 68 sem juros",Apple,M4,Mac mini,M4 Pro,macOS,,Apple M4 14-core,64 GB,2 TB,Prateado,Sequoia,14,,Não,Apple,Z1JV000KX
mac-mini-m4,Mac Mini 2024 M4 10/10gpu 16gb Ram 256ssd,6399,https://produto.mercadolivre.com.br/MLB-3938106341-mac-mini-2024-m4-1010gpu-16gb-ram-256ssd-_JM?searchVariation=186509960723,Frete grátis,2025-05-18 18:21:22.402126,Mac Mini 2024 M4 10/10gpu 16gb Ram 256ssd,6399,Novo  |  3 vendidos,"em 12x R$ 506 , 59 sem juros",Apple,MAC MINI,Mac Mini 2024,M4,macOS,256 GB,Apple M4 10-Core GPU,16 GB,256 GB,Prata,MacOS,10,Não,Não,Apple,MU9D3LL/A
mac-mini-m4,"Macmini M4 10c Cpu, 10c Gpu, 16gb, 256mb (lacrado)",6749,https://produto.mercadolivre.com.br/MLB-5373126366-macmini-m4-10c-cpu-10c-gpu-16gb-256mb-lacrado-_JM?searchVariation=187787862781,Frete grátis,2025-05-18 18:21:22.402126,"Macmini M4 10c Cpu, 10c Gpu, 16gb, 256mb (lacrado)",6749,Novo,"em 12x R$ 562 , 42 sem juros",Apple,M4,Mac mini,M4,macOS,256 GB,8 core,16 GB,256 GB,Prateado,Sequoia,10,Não,Não,Apple,MU9D3LL/A
mac-mini-m4,"Apple Mac Mini M4 (2024) 10cpu 10gpu, 16gb Ram, 512gb Ssd",7999,https://produto.mercadolivre.com.br/MLB-4061073337-apple-mac-mini-m4-2024-10cpu-10gpu-16gb-ram-512gb-ssd-_JM?searchVariation=187926634631,Frete grátis,2025-05-18 18:21:22.403127,"Apple Mac Mini M4 (2024) 10cpu 10gpu, 16gb Ram, 512gb Ssd",7999,Novo,"em 12x R$ 666 , 58 sem juros",Apple,M4,Mac mini,M4,macOS,512 GB,Apple M4 10-core,16 GB,512 GB,Prateado,Sequoia,10,Não,Não,Apple,MU9ELL/A
mac-mini-m4,Apple Mac Mini M4 (2024) 10cpu 10gpu 16gb Ram 512gb Ssd,9599,https://produto.mercadolivre.com.br/MLB-5171834640-apple-mac-mini-m4-2024-10cpu-10gpu-16gb-ram-512gb-ssd-_JM?searchVariation=182183140022,Frete grátis,2025-05-18 18:21:22.403127,Apple Mac Mini M4 (2024) 10cpu 10gpu 16gb Ram 512gb Ssd,9599,Novo  |  +5 vendidos,"em 12x R$ 790 , 84",Apple,M4,Mac mini,M4,macOS,,Apple M4 10-core,16 GB,512 GB,Prateado,Sequoia,10,,Não,Apple,MU9D3LL/A
mac-mini-m4,Apple Mac Mini M4 (2024) 10cpu 10gpu 24gb Ram 1tb Ssd,14199,https://produto.mercadolivre.com.br/MLB-5307520910-apple-mac-mini-m4-2024-10cpu-10gpu-24gb-ram-1tb-ssd-_JM?searchVariation=183060870974,Frete grátis,2025-05-18 18:21:22.403127,Apple Mac Mini M4 (2024) 10cpu 10gpu 24gb Ram 1tb Ssd,14199,Novo  |  1 vendido,"em 12x R$ 1.255 , 58",Apple,M4,Mac mini,M4,macOS,,Apple M4 10-core,24 GB,1 TB,Prateado,Sequoia,10,Não,Não,Apple,Z1CF000C7
mac-mini-m4,Apple Mac Mini M4 (2024) 10cpu 10gpu 16gb 256gb,6035,https://produto.mercadolivre.com.br/MLB-4034530973-apple-mac-mini-m4-2024-10cpu-10gpu-16gb-256gb-_JM?searchVariation=183374247584,Frete grátis,2025-05-18 18:21:22.403127,Apple Mac Mini M4 (2024) 10cpu 10gpu 16gb 256gb,6035,Novo,"em 12x R$ 502 , 92 sem juros",Apple,M4,Mac mini,M4,macOS,256 GB,Apple M4 10-core,16 GB,256 GB,Prateado,,,Não,Não,,MU9D3LL/A
mac-mini-m4,"Apple Mac Mini M4, 16gb Ram, 256gb",5999,https://produto.mercadolivre.com.br/MLB-5351616214-apple-mac-mini-m4-16gb-ram-256gb-_JM?searchVariation=183358731454,Frete grátis,2025-05-18 18:21:22.403127,"Apple Mac Mini M4, 16gb Ram, 256gb",5999,Novo,"em 12x R$ 576 , 70",Apple,MAC MINI,Mac Mini M4,M4,macOS,256 GB,10-Core GPU,16 GB,,Prateado,,14,Não,Não,Apple,A3238
mac-mini-m4,Apple Mac Mini M4 16gb 256gb Ssd Cinza Macos,5587,https://produto.mercadolivre.com.br/MLB-3964370751-apple-mac-mini-m4-16gb-256gb-ssd-cinza-macos-_JM?searchVariation=182822025180,Frete grátis,2025-05-18 18:21:23.130608,Apple Mac Mini M4 16gb 256gb Ssd Cinza Macos,5587,Novo  |  +25 vendidos,"em 12x R$ 465 , 58 sem juros",Apple,mac,Mac mini,M4,macOS,256 GB,,16 GB,256 GB,Cinza,Ventura,8,Não,Não,Apple,
mac-mini-m4,Mini Mac M4 10 Nucleos Memoria 16 Ssd 256gb,5649,https://www.mercadolivre.com.br/mini-mac-m4-10-nucleos-memoria-16-ssd-256gb/up/MLBU3132319777,Frete grátis,2025-05-18 18:21:23.131609,Mini Mac M4 10 Nucleos Memoria 16 Ssd 256gb,5649,Novo  |  +5 vendidos,"em 12x R$ 542 , 96",Apple,M4,Mac mini,M4,macOS,256 GB,Apple M4 10-core,16 GB,,Silver,,,Não,Não,Apple,MU9D3LL/A
mac-mini-m4,Apple Mac Mini M4 (2024) 10cpu 10gpu 16gb 256gb Envio Hoje,6599,https://produto.mercadolivre.com.br/MLB-5310805116-apple-mac-mini-m4-2024-10cpu-10gpu-16gb-256gb-envio-hoje-_JM?searchVariation=183081273230,Frete grátis,2025-05-18 18:21:23.131609,Apple Mac Mini M4 (2024) 10cpu 10gpu 16gb 256gb Envio Hoje,6599,Novo  |  +25 vendidos,"em 12x R$ 549 , 92 sem juros",Apple,M4,Mac mini,M4,macOS,256 GB,Apple M4 10-core,16 GB,256 GB,Prateado,,,Não,Não,Apple,MU9D3LL/A
mac-mini-m4,Mac Mini Apple M4 10-core 16gb Ram 256gb Ssd Prateado,5487,https://www.mercadolivre.com.br/mac-mini-apple-m4-10core-16gb-ram-256gb-ssd-prateado/up/MLBU3165451156,Frete grátis,2025-05-18 18:21:23.131609,Mac Mini Apple M4 10-core 16gb Ram 256gb Ssd Prateado,5487,Novo  |  1 vendido,"em 12x R$ 527 , 39",Apple,M4,Mac mini,M4,macOS,256 GB,Apple M4 10-core,16 GB,256 GB,Prateado,macOs  Sequoia,10,Não,Não,Apple,MU9D3LL/A
mac-mini-m4,Mac Mini M4 Chip 10core Cpu And 10core Gpu 256gb Com Nf,5869,https://produto.mercadolivre.com.br/MLB-4065695161-mac-mini-m4-chip-10core-cpu-and-10core-gpu-256gb-com-nf-_JM?searchVariation=183643615088,Frete grátis,2025-05-18 18:21:23.131609,Mac Mini M4 Chip 10core Cpu And 10core Gpu 256gb Com Nf,5869,Novo,"em 12x R$ 489 , 08 sem juros",Apple,Mac Mini M4,Mac mini,M4,macOS,256 GB,10 CORE GPU,16 GB,256 GB,Cinza,MacOS,10,Não,Não,Apple,111172201993
mac-mini-m4,Apple Mac Mini M4 (2024) 10cpu 10gpu 16gb 256gb Envio Hoje,5925,https://www.mercadolivre.com.br/apple-mac-mini-m4-2024-10cpu-10gpu-16gb-256gb-envio-hoje/up/MLBU3179088835,Frete grátis,2025-05-18 18:21:23.131609,Apple Mac Mini M4 (2024) 10cpu 10gpu 16gb 256gb Envio Hoje,5925,Novo,"em 12x R$ 569 , 53",Apple,M4,Mac mini,M4,macOS,256 GB,Apple M4 10-core,16 GB,256 GB,Prateado,iOS,10,Não,Não,APPLE INC,MU9D3LL/A
mac-mini-m4,Mini Pc Lenovo M910 Core I5 7° Ger 16 Gb Ram Ssd 240gb Win10 127/220v,1218,https://click1.mercadolivre.com.br/mclics/clicks/external/MLB/count?a=yG2HF4MIDeeQvE6TJkKQnUOqdArzFedz20CaNrazUMrGhoIXMnqSVCtWaeW13DGASloGL%2Bz9cPgbxQ%2FUvRyYBWBXfuKQ0%2BPEBIjgDOAl2EAWFEtBRFiSZ5%2BEHrbVKw1XuaWuA63fGyKIz5CJJQiQ5vBKDDluZKc0dWuZvsFfFIl%2FUoGRCwm%2BUfH2L%2FD55nJ%2BnBNsAVhbr9GZhVmpXNWPNoK83vm69wE7qCXVhYHWu%2FIDY0uSJX41uSTFspwRj4tNFO22HTDqRjyqVW1ccRXCql4DXt%2BXE5WmUrn9B7VwmjRkegchZacBj10z%2FTVQL6x6vhnxyzqHfdOPdLccmKLzk6YEpZEbCJYffzg0uaK%2FF4Q%2FlIF5i67yJ6%2BscRXM25L70mkgfMWkdhMuOMxI07QT%2Fq4HYt6%2F5REcQv0CZXyh5hSeqekaH2TmwXNxs0WdrQyq6C355LzfRwxd0GFg7s%2BXGwwcSC2fBt%2FB2J%2BAQOVKgPJd7a3lmgV66y3332wRDe0vhqwPxAzPYX5Z2jBYzaboDSKQnYhv%2FrsjahycY6aeJ%2BrDccKVSQZbZ6bonliLvlXBu0KP%2Bd22OojyXLWEG57gbTbtguzsbzoSHoKdx6AnEmpMyFhpl3xmy3f0iDzFELo1T4xWiVLQ9ULBqElxVqT0YOwDzquNI47MiJ5dPYr7vUhxX%2FJx527f%2B6OqlxTKAjE%2BPRJI%2FYJl3E7b3CWjF4M21MzxMPJCiq4CccsQa5xy4oHDKAvqDhh0BXjnStpDDrxYWRDXeJcbwbEJrSwf0ZCUz3Y3XkZVEviT251FknYxdQ5Rh5Uh6ZFbnzJVsNl4848fs4wRNXuP2VulkFO2XRk2Fngf9tNWlrMyZzDqZYh5e1Zw4UDBHQA4l%2F7vXTrs0NDQDVU4r3gZzwAHsg8sK1Xi8XTxenwGthw%2Fj5soTCYIOm9P1PNHQAYYr8JSKVr7mnDZtDN8tHFKmClNX%2FR94bdNRAMPzP5EBKfFf48YrR%2FDDxz7VtThN6SNVlQfeDcYhxeNCnUxrEuTiMu4riTX0kM%3D,Frete grátis,2025-05-18 18:21:23.132608,Mini Pc Lenovo M910 Core I5 7° Ger 16 Gb Ram Ssd 240gb Win10 127/220v,1218,Novo  |  +1000 vendidos,"em 12x R$ 101 , 50 sem juros",Lenovo,M Tiny,M910,Intel Core i5,Windows 10,240 GB,intel,16 GB,240 GB,Preto,Windows 10,4,Não,Não,Lenovo,
mac-mini-m4,Mini Pc Positivo Master C600 Minipro I3 6ªgen 8gb Ssd 240gb,1818,https://click1.mercadolivre.com.br/mclics/clicks/external/MLB/count?a=r0uIulaekR3wz3avK5i1E4xh64Z9edXaMXag8fl4KxfzmF3vvjr6mfal0joaG79CW6f39Iy4ueNIXxpHJD6IjiTDGoiVK0WHMRdJzN0m8p%2BP8wowEJaK53RWtE0ZVmhkghsTTQBRg8bGOuKCPHAQHeA0ASKq9W3FG%2BXhlN0JJqYEHm8FTUR%2FnW%2BOuP5SaHhpXMYKNUKccjMhQZyZxWvX9FewJTg98qokk56AqjuiexYjperGeok1ITACZR2PM3YSN%2BCAxEBn%2B5qsnrfooOJ9gq2HMbNXFTuuhbv2%2FLPLJxq%2Fu5gMH0yVSyK4D0EsAOLs0BMED4t6DCyV6wIFrlm%2FJUZkh32JUwxyYQdjYSFBAqs4GGZbtzVVwQXdzPcbnuBV9HFzfN0InDBb%2BR%2BRXNxwCKWYiLM3LMvll39%2BcIeL961xgC1ZKnnxo4pW5rC45cMYNC3iCl4F6OqzchyYLgtk7KUyJDakeMFtAQuwc5KnvpFtnMSsyVteJ3RlprLInX2TZYSbJSvZy140l8ZdiTSU%2BLtm7Ycl86YVza3lpPG2F%2BYvWayTznVMnVIDakksFrJCtnBfqiBlzzMeB8gLkacYjqSOM%2BoqJdhjtzBe5NPYDJXJPrinEZQV1Qxoj94FJuWHO5LqBJajhgK6XCXXSaTOTWIX5Xdg2qKmc1K8Cso6pDwg9RS%2Fh%2FcIG2EWjY57n03%2BoUaFYXtrxTpJgryNU1uFVaASLoa%2F4PRe98V5p0jykpJvOr95XZxtBtWa13%2FuaqpubDN686%2FstgqNDN2aKzMamP%2BHzpjspeqDxMP9%2BEvnfHZ0u5%2BnrDqt8yv%2BXlhyodos0zPohcjx85ZnXyy1L3%2F90nfYbWSpSu83NUG5265Evx0%2BX8C0lFZuVf9i00dJSD2d2sz5pwmisOT%2FcRwUzUKzmRhoYneK6BgxBJnoZMNT70X37kxD8WvHInP71jO55tAZeTzW%2FHIb&searchVariation=178109715056,Chegará grátis amanhã,2025-05-18 18:21:23.132608,Mini Pc Positivo Master C600 Minipro I3 6ªgen 8gb Ssd 240gb,1818,Novo  |  +50 vendidos,"em 12x R$ 90 , 90 sem juros",Mini PC Positivo,Mini CPU Master,Mini Desktop C600,Intel Core i3,Windows,240 GB,Gráficos HD Intel® 530,8 GB,240 GB,Preto,10,2,Não,Não,,
mac-mini-m4,Mini Pc Lenovo M900 Core I5 6th 16gb Ssd 240gb Windows 11,1349,https://click1.mercadolivre.com.br/mclics/clicks/external/MLB/count?a=CZNzTjR0ZqontiAPt9kh7qCJLe%2B23i352L7FFBOAybzMVbHddw6AtR8Qex%2F%2F6Axpbk5bKDFKfZBJ8M0y7BuiGGs3Ea%2FFQcTTpBwcbCRtzrXgH3LHPiNf5ZyNTAS7n6sVGbUdwqJkVBTPvY8fZmlV0oKjKOjf%2FJjz17T1S1105prA2FOIdL2BqLIAvPDaDxTWprWuEyPWSOaXy3pNdnyj77%2BzadMG%2FlWuWtFwMvDBm7kk9JjW2MIm3UoCZg3NXWLNOVtQs04e%2F1%2FKb51la5yoaXjof8qqQyG9F3a5MoI%2B0LCeUyLZLdVXbDwZuXyA4bVzxYcTZGdBrpCBIaGTo7NIaaHywWqt9U%2F7fQO7fhY6egxQOu4S9T1M1snOfXM7TeJXFguhEFkKKZwiw0IJpoDWWEK6Dr4TjWQ3y37tsVv5tp8gdjTqXtAk0vvp1%2FZyShpL7QtpkKpA0vYZzwrE8DWraYF9xUTaiahGO%2Fe6mL%2BTTzQYv6Ze6WscdHu1NjjIClZet7r86Y%2BIX5w1wRcPD78WaF9gBpQ3d79R2Ft%2BfGs8SzADLNM21vwke4b%2F8lU9rA116okEK4EBRUr5ackYS%2FvySC1E4wF%2FWzJDYdZiZl2Wani4DTZnbU%2B1wkIZvObmZH8COyiaut7nM2tvHP%2FMdKgMng7wXJb%2FLFlPmhXZnEF1AuV0oNt0z4s39ySkEx3Mlx29ufZpcxpsRmkWhWOZp9Ez1bh3AuuyZwTLeGtVqSqZfkPkyXJSfq4KxPesoEycdCMKSKfGXZAZFEIb%2BrZh6692ELfstn%2BjFTVrDXXpe9DpvOVr1q7UFbHIBUVCFuZRr4t%2Ff0DEiYmZ4%2FBdqW0l0hLJOQ1Ee87RF%2BPx%2FCHNWYSEgdx%2FPV0M4POheyuF4kSflVt%2BokEJL6MkXj2lpEB0lR%2B7%2Fj7p81kGtV8%2BRAQDn1tBJw6hkDvBZQC0srWR81wF76bdol1M5lWWl5Z%2F&searchVariation=187134897745,Frete grátis,2025-05-18 18:21:23.132608,Mini Pc Lenovo M900 Core I5 6th 16gb Ssd 240gb Windows 11,1349,Novo  |  +5 vendidos,"em 12x R$ 112 , 50 sem juros",Lenovo,ThinkCentre,M900,Intel Core i5,Windows 11 Pro,240 GB,Integrada,16 GB,240 GB,Preto,11,,Não,Não,Lenovo,
mac-mini-m4,Apple Mac Mini M4 - 10cpu 10gpu - 16gb Ram / 256gb Ssd,7440,https://produto.mercadolivre.com.br/MLB-5247712890-apple-mac-mini-m4-10cpu-10gpu-16gb-ram-256gb-ssd-_JM?searchVariation=186669891669,Frete grátis,2025-05-18 18:21:23.132608,Apple Mac Mini M4 - 10cpu 10gpu - 16gb Ram / 256gb Ssd,7440,Novo  |  +5 vendidos,em 12x R$ 496 sem juros,Apple,MAC MINI,Mac Mini M4,M4,macOS,256 GB,10-Core GPU,16 GB,256 GB,,Sequoia,,Não,Não,Apple,A3238
mac-mini-m4,Apple Mac Mini C/chip M4 16gb Ram 256gb Ssd,5999,https://produto.mercadolivre.com.br/MLB-4047658009-apple-mac-mini-cchip-m4-16gb-ram-256gb-ssd-_JM?searchVariation=187757441077,Frete grátis,2025-05-18 18:21:23.132608,Apple Mac Mini C/chip M4 16gb Ram 256gb Ssd,5999,Novo  |  +5 vendidos,"em 12x R$ 499 , 92 sem juros",Apple,mac,MAC MINI M4,M4,macOS,256 GB,,16 GB,256 GB,Cinza,,,Não,Não,,MU9D3LL/A
mac-mini-m4,"Apple Mac Mini M4 Pro (2024) 12cpu 16gpu 24gb Ram 512gb Ssd,",13387,https://produto.mercadolivre.com.br/MLB-5284089126-apple-mac-mini-m4-pro-2024-12cpu-16gpu-24gb-ram-512gb-ssd-_JM?searchVariation=182880644022,Frete grátis,2025-05-18 18:21:23.132608,"Apple Mac Mini M4 Pro (2024) 12cpu 16gpu 24gb Ram 512gb Ssd,",13387,Novo  |  3 vendidos,"em 12x R$ 1.115 , 58 sem juros",Apple,M4,Mac mini,M4 Pro,macOS,512 GB,Apple M4 12-core,24 GB,512 GB,Prateado,Sierra,8,Não,Não,Apple,MCX44LL/A
mac-mini-m4,"Apple Mac Mini M4 (2024) 10cpu 10gpu 24gb Ram 512gb Ssd, 12x",11899,https://produto.mercadolivre.com.br/MLB-5171847080-apple-mac-mini-m4-2024-10cpu-10gpu-24gb-ram-512gb-ssd-12x-_JM?searchVariation=182183205290,Frete grátis,2025-05-18 18:21:23.133608,"Apple Mac Mini M4 (2024) 10cpu 10gpu 24gb Ram 512gb Ssd, 12x",11899,Novo  |  +5 vendidos,"em 12x R$ 862 , 68 sem juros",Apple,M4,Mac mini,M4,macOS,,Apple M4 10-core,24 GB,512 GB,Prateado,Sequoia,10,,Não,Apple,MCYT4LL/A
mac-mini-m4,"Apple Mac Mini M4 (2024) 10cpu 10gpu, 16gb Ram, 512gb Ssd",8259,https://produto.mercadolivre.com.br/MLB-5336906406-apple-mac-mini-m4-2024-10cpu-10gpu-16gb-ram-512gb-ssd-_JM?searchVariation=183259989724,Frete grátis,2025-05-18 18:21:23.133608,"Apple Mac Mini M4 (2024) 10cpu 10gpu, 16gb Ram, 512gb Ssd",8259,Novo  |  +5 vendidos,"em 12x R$ 688 , 25 sem juros",Apple,M4,Mac mini,M4,macOS,512 GB,Apple M4 10-core,16 GB,512 GB,Prateado,Sequoia,10,Não,Não,Apple,MU9ELL/A
mac-mini-m4,Apple Mac Mini M4 24gb Ram 512gb Lacrado Com Garantia Apple,10196,https://produto.mercadolivre.com.br/MLB-4062682201-apple-mac-mini-m4-24gb-ram-512gb-lacrado-com-garantia-apple-_JM?searchVariation=183611006996,Frete grátis,2025-05-18 18:21:23.133608,Apple Mac Mini M4 24gb Ram 512gb Lacrado Com Garantia Apple,10196,Novo,"em 12x R$ 849 , 68 sem juros",Apple,M4,Mac mini,M4,macOS,,Apple M4 10-core,24 GB,512 GB,Prateado,Sequoia,10,Não,Não,Apple Inc,MCYT4LL/A
mac-mini-m4,Mini Pc Lenovo Thinkcentre M910q I5 6°ger.. Mem 8gb Ssd 240,1999,https://click1.mercadolivre.com.br/mclics/clicks/external/MLB/count?a=S84jHF6D0WdIj8QVXLA0N6vqLvUu0YB7xg0ss26kowuVUIr0uFgT9KmApnBd757pvpdy2LmhtIV2z6lDF0DGtHbYVSvVNYN7uFGT9SbshquClmjNnTYthq0MSqsrjCwaajcEaP%2Bmt8cuD7PgiRwJ8mfHRu48LhyBg2UT0GkEM0OsmddcnytLNjuBnD8U2x1sFaBrqW68JXb7bydZLRVsPA%2BtGNfkAfCTbToV7JWARLIngp%2BJJL6LUy%2BCrfBokCcRKKwIZUEuhll%2BLm5cbm4t8Uz51jeZi4OvfQbJUB7Gwqv%2BNO8qkM3no7yyvn0x9KFlzBTclYHOnwOHotXy9cWmb%2Fu7U2ymNzhAWjppRU%2F%2BazjCg5QnEopblQUWKQ4Ofmk4EuSQn0xbvYJUTYcgsIF8flbxKigpVt1tRslFjlz1vQPGzobqhU%2FBoY0edqbcJm6jgBczypjfvTHzbKHgg2XyUODgpaS7bC%2Fstv7pkiIqJT4WQ%2B3U5gdvLNzIrWHKh3WgiVFotp9z6qxmOptRzgV7nVtiXQt9tJoFnWbxzDpeDqQD5S84JrZNlPY3w3akopBi0UBX3M8bmz0c8JnlJPaw%2BN4rzgAQS6AmZXpvswcKvnwk890zkq5Z06KB0ajQD2ca%2FAVnJ73oEvNQkzdUrpsnGlcTXKk96LNf1VIVgcidYncIvGbEMiFAKPxH0Uzh32bWlDFgvbh%2F7lkOQZyHj0LtP%2F9cNg50m1kuVwprS2FEc3FlkYq7aVvE4RzZc9ezCl%2FGxMyGPTa%2FbRcxWufYl4XZmib%2BHT%2Fzg%2FX0d%2BJBQof1RGJliaUCNuxsET3aOY%2FzS3kdYMApfR%2FuOH6gu4gjB8EQ58PjUr2vJ79XjFmjdQdleY4VkANIoiEDD%2FZqRcQ2tNgmoOHxMA48ou3CVigpyGUWRq9NOmNMHhCrLdSbOioAmfZkTQK5AoyqgZNUkpsEshBQ7VSiHHQiwQ%3D%3D&searchVariation=178237077287,Chegará grátis amanhã,2025-05-18 18:21:23.133608,Mini Pc Lenovo Thinkcentre M910q I5 6°ger.. Mem 8gb Ssd 240,1999,Novo  |  +100 vendidos,"em 12x R$ 116 , 61 sem juros",Mini PC Lenovo,Mini CPU M Tiny,Mini Desktop M910,Intel Core i5,Windows,240 GB,Intel Core i5-6600T,8 GB,240 GB,Preto,10,,Não,Não,,
mac-mini-m4,Mini Computador Pc Core I5 8gb Ram Ssd 240gb + Wi-fi,1199,https://click1.mercadolivre.com.br/mclics/clicks/external/MLB/count?a=k3WRN6lsZW9buS%2FZcMFY2Ya5UlIsRyq8ZSAm9PcvBEMcQeyjkEVw7X7pGDHo609DVu15zcz2BChNbSUVAfXDWT4YDMJRSHq%2B0FtJvDVW49A3fBpges2IN0mqYKCbgraqcHvAEeLMOeu1UwD7UA7%2F%2BJoh9e4bgjQXm2RNnCbnb4RgNNANR6ScVW5lpzJ%2F9S7jXKIYARz5GkILg%2F8A6bwvrHPgvfaXJlhxvmQw4MWj%2F96Aua41n65MlFI%2BP1cd6%2Bn5b%2FBN%2BE0Wr7akSH6O6h7jDcBFwBiSwP1hXkV7QiBDr3lPkPkeCY7Fm5yACaYzv6mP48EE413WAtsEQiOFHje7aeflLwKSt8%2FmdKs5M0rOfjT6ZtJIwzqXZf9VnKbX5KotqRlAB6M%2BpFZe7ilxoR25qX9EQGiBWNK%2FYrZ7%2BB2ehY2nLETvtqBK0Ws3aZ3VJYF0nbN3vGrpK5dtEu2cuSI4VuzKzU%2FW35PZAc%2Fn1N7pbXyzvv4x%2FOwXN%2Fqt6iMp4SAnB11Cpm57AXGm%2BY8J3LIUPSWMY%2FpDdNBvBcvn3LVqBeMtpPVptBWQwKWbISDVXgQGjfvM48tzNJihuFqxMKq9gcvBwHPZk0jDqi43Xt7P5fz2bTI53IiWKYyMFnYLXPSLw0UTWyUbL1QCXuO3GWh%2FRVYpIbiS9rFh4mvCXYbmlhXRtOoeeyhDtXIHY%2F10YVq4JW7opAE2qouAw9%2B%2ByGoiMc3HkcCPa7PJsrfsCB1%2Bg2dN9yK1V75G5RkZ1PcsOHNMoftJOzza45K%2FkXT%2B0Atx%2BJG5bbAncL0Wn5MqMw0EfeVMfvAwh53T1YEvJ1RkvlFj9TR163Va5Uxowa5VVKv%2ByitRx%2BbZxgXWsfxUmddV9uqUweHP0dP0hB88wXPZL5%2B4zZmdMnhyDCDg6w4cDCHYD%2FsYaJ7ATE5mxvw2EHjlDprGKnWSLOzZOGrgTNbT2b%2BQJBQh&searchVariation=179139640152,Frete grátis,2025-05-18 18:21:23.134608,Mini Computador Pc Core I5 8gb Ram Ssd 240gb + Wi-fi,1199,Novo  |  +100 vendidos,em 12x R$ 100 sem juros,MONDRAGON,Mini Pc Intel Core i5 4° Ger,Mini i5 HM87,Intel Core i5,Windows 10,256 GB,Intel(R) HD Graphics 4600,8 GB,256 GB,Preto,10 Pro,2,Não,Não,MONDRAGON,
mac-mini-m4,Mini Cpu Lenovo Think M910 I5-7° 16gb Ssd 256gb Windows 11,1699,https://click1.mercadolivre.com.br/mclics/clicks/external/MLB/count?a=GMgUkTvoTGBFxkMPsXVYjx0e78ufk264DQXYaQ6GX1JWgo3ri5Wt%2FmnppYe7Bl1GFQE5nr0CKCD3PyIVC7W3X9sun0AD4pX83KiE87CH4jbPSxyWvh%2Fmdht7m16bEGoE4fReSwjLyND3j%2FyX1K%2Bt%2FICIIQe2aLE9hZAkj1ox4uVr4AzZ7QSR83FHJKm%2BnNxWVq6GPK4%2BcHXZWQ3P%2Fn0Cr4fUsQzaRSMbk8Jo%2Blwdf09bRyf7pyeKV8MeXKBvJCAOUEkUo8QhDBdZA%2By8hnihggplmvM1CePtTZO%2BYdxbkKE26xNAB7ZfQSUY6yWq5sNDs%2FcKd0bdAduZL3ETAatR7ASVT2z0Yino27DiSvlHsSnZGrb8Df%2Fxme3yG5QSvZ%2FPovWsiscCs8Tp4OV%2BggOgpcQSDllTYWnwtFz5JudkQZFOrBV%2FmFu42uQARUezz5AqfHvcwxysE6J0sLNRbGaJm1cMu5jKOZNORau3wD5vPW4WKCQDWiGGVno45x9LS6r3y5Zdsf2uJ6UkAjicdMdINtlwzMHIRT4TO2%2F%2Fs3%2F4pPz0yarQEIcHRy0fkY2Y6ni7dskwlf2HY%2Fdg3iRCVv9AXlsJTgWWp8yI1joq6BeqD2UmKYseY0770EImadBjd1oI0Vlu7pZ8BWHQxkY%2F3SgSxEH8ZJMhtFv8ldtqDX3wIhq6oStjBPnMvWN4oHlkxxdqTexlF1BdXquVQ4mHl18khCYH9ud2RVKJyBxtfAN%2FY%2B7Kegu80q2nxn545lTPi7ydjH0gIBqIYgDqR5A94f0DIxKdsuoSZ4WuyojcEFZtAr9BY1%2FkFcQgVhPIQeyHHt%2B5XeU91SRu3F84dFIL8fDoN5Tl7l632pLvKu%2FHJ3L0UTwnogmNVD2iQUzZ3jxu2EcLqzEhO8H9yENJXWHgy8%2F5%2FYTljiOg7dP3Tn4s1A%2Bw6upKsKxbf0niOhlmhlPrMZIE8rbbawxcaz8x&searchVariation=182808093540,Frete grátis,2025-05-18 18:21:23.134608,Mini Cpu Lenovo Think M910 I5-7° 16gb Ssd 256gb Windows 11,1699,Novo  |  +25 vendidos,"em 12x R$ 141 , 58 sem juros",Lenovo,102692,Mini PC,Intel Core i5,Windows,256 GB,Intel 4600,16 GB,256 GB,Preto,24223002,4,Não,Não,Lenovo,kitcompletowindows11
mac-mini-m4,Apple Mac Mini M4 16gb Ram 512gb Lacrado Com Garantia Apple,7956,https://produto.mercadolivre.com.br/MLB-4062628359-apple-mac-mini-m4-16gb-ram-512gb-lacrado-com-garantia-apple-_JM?searchVariation=183610772320,Frete grátis,2025-05-18 18:21:23.134608,Apple Mac Mini M4 16gb Ram 512gb Lacrado Com Garantia Apple,7956,Novo,"em 12x R$ 663 , 02 sem juros",Apple,M4,Mac mini,M4,macOS,512 GB,Apple M4 10-core,16 GB,512 GB,Prateado,Sequoia,10,Não,Não,Apple Inc,MU9ELL/A
mac-mini-m4,Apple Mac Mini M4 16gb/256gb Ssd - Silver,5799,https://produto.mercadolivre.com.br/MLB-5328662074-apple-mac-mini-m4-16gb256gb-ssd-silver-_JM?searchVariation=187320628385,Frete grátis,2025-05-18 18:21:23.134608,Apple Mac Mini M4 16gb/256gb Ssd - Silver,5799,Novo  |  2 vendidos,"em 12x R$ 483 , 25 sem juros",Apple,M4,Mac mini,M4,macOS,256 GB,Apple M4 10-core,16 GB,256 GB,Prateado,Sierra,10,Não,Não,Apple,MU9D3LL/A
mac-mini-m4,Apple Mac Mini M4 16gb Ram 512gb Garantia Apple Lacrado 2024,7596,https://produto.mercadolivre.com.br/MLB-4062551265-apple-mac-mini-m4-16gb-ram-512gb-garantia-apple-lacrado-2024-_JM?searchVariation=187945956869,Frete grátis,2025-05-18 18:21:23.134608,Apple Mac Mini M4 16gb Ram 512gb Garantia Apple Lacrado 2024,7596,Novo,"em 12x R$ 730 , 12",Apple,M4,Mac mini,M4,macOS,512 GB,Apple M4 10-core,16 GB,512 GB,Prateado,Sequoia,10,Não,Não,Apple Inc,MU9ELL/A
mac-mini-m4,SSD Apple Mac Mini M2 Pro de 512 GB 16 GB de RAM 2023,11299,https://www.mercadolivre.com.br/ssd-apple-mac-mini-m2-pro-de-512-gb-16-gb-de-ram-2023/p/MLB22934158,Frete grátis,2025-05-18 18:21:23.134608,SSD Apple Mac Mini M2 Pro de 512 GB 16 GB de RAM 2023,11299,Novo  |  4 vendidos,"em 12x R$ 1.086 , 02",Apple,,Mac mini,M2 pro,macOS,512 GB,,16 GB,512 GB,Silver,,,,,,
mac-mini-m4,Apple Mac Mini M4 (2024) 10cpu 10gpu 16gb 256gb Envio Hoje,5683,https://produto.mercadolivre.com.br/MLB-5386170154-apple-mac-mini-m4-2024-10cpu-10gpu-16gb-256gb-envio-hoje-_JM?searchVariation=183598469920,Frete grátis,2025-05-18 18:21:23.135608,Apple Mac Mini M4 (2024) 10cpu 10gpu 16gb 256gb Envio Hoje,5683,Novo,"em 12x R$ 473 , 58 sem juros",Apple,M4,Mac mini,M4,macOS,256 GB,Apple M4 10-core,16 GB,256 GB,Prateado,,,Não,Não,Apple,MU9D3LL/A
mac-mini-m4,Apple Mac Mini M4 2024 10cpu 10gpu 16gb 256gb,6000,https://produto.mercadolivre.com.br/MLB-3993407401-apple-mac-mini-m4-2024-10cpu-10gpu-16gb-256gb-_JM?searchVariation=183054372222,Frete grátis,2025-05-18 18:21:23.135608,Apple Mac Mini M4 2024 10cpu 10gpu 16gb 256gb,6000,Novo  |  3 vendidos,em 12x R$ 500 sem juros,Apple,M4,Mac mini,M4,macOS,256 GB,Apple M4 10-core,16 GB,256 GB,Prateado,,2,Não,Não,Apple,MU9D3LL/A
mac-mini-m4,Mini Pc Lenovo I5 7a Ger M910q 16gb Ssd 500 Win10 Pro,1509,https://click1.mercadolivre.com.br/mclics/clicks/external/MLB/count?a=yub01GTtmsSml%2Bq0ogVjXbnSgy302cvUPqZmxPxfnaI2%2FKGo95EvrwcqMEbsJm780V8k6LKKlrC6WC%2Fyv6DmljCzeOYGVtelmRdX%2BDbzGKhhp%2FVWd%2FmRe6H94%2Fo4jlFouvZfJKP7Z58ce%2B3E773i2SeQQqWJ%2BMEi3UHYP5M5GAB1Ktx2v0mlfxv8VXn783NA7%2B9KpwypjYup6nKinoCHbwE662Q48BJkazz7%2FI9zBdQEXk89cTTADBafu66CLVhrm%2BTcblyVss9CFZXRgeTavQRtUkUbDtxSTESk3%2F17EJMh0gNldL0fzxpepqyU3gTD8EhqZicwIceom8LkTPyYMB4FSY1mDGXB91BquXV5FoRJ5aPRUmaipTIiopPLyiTuqAeVI3zmSsD9axLlKDi6VutDBlyXiw54UtTFUrwLxcswvwr4rYVPLAI0OyXAWB7lErV2l0k1qs8kFNEVg2RKnLRpwg6ftRmEkiTGtdknUZn5AJx7RWlP1zXvEONIG84pbpuCKiOwb8lON3HWR3nOOd837R4C18StoA5KZVvIwouLmP8AummkW2bpWAFL82G4WhXhAn2enHHy4C%2B3CDq7ee624leNTugfRPg0MuJGsLW%2BXXy9qjShYcwsDh56mZIG2QxpCu71wHdoP4bcGBYPkx%2FYAyrEJicpShDfG9XbfTgL1Hoy7PLx8d1Y1M%2Bs5RzGXEDPVIyknA1s40iWzaVH2t%2B%2BtUAkSZbUsBx8p7zrHnoKSS8CmEdpiAXpLwk690zl%2FKBzoK2c%2FKux1urMrWKf5uYSQ1HGVMcy02%2BppeW2NuVXXJKhIgJEst7Rtkrny%2FOz5DhJ5w9ltwr37Aie%2BJ71Vky4DY%2BY3oxHc64F1de5IpAKJL3Ss%2BUdYTCd%2FP8ygjEZzKUD97frNoDHzrr15M0z0oBcyLRkpwG5zBd9ww2olSSeqiGQad4msklMMRXZHWKCFfvGJkV5&searchVariation=182403960106,Frete grátis,2025-05-18 18:21:23.135608,Mini Pc Lenovo I5 7a Ger M910q 16gb Ssd 500 Win10 Pro,1509,Novo  |  +25 vendidos,"em 12x R$ 125 , 75 sem juros",Lenovo,M Tiny,M910,Intel Core i5,Windows,500 GB,Intel Core i5-7500T,16 GB,,Preto,10,4,Não,Não,Lenovo,910
mac-mini-m4,Mini Pc Lenovo I5 7a Ger M910q 32gb Ssd 256 Win10 + Pro 127/,1529,https://click1.mercadolivre.com.br/mclics/clicks/external/MLB/count?a=SjwG7uxz1jkOEGzRoi%2Brm%2BmpoyvLLVHDXbWK%2B9nmJlR5jIOQuZj0NiT40p56pKknRidPN2xO2fDdbf5ALsjrg1jwVaYD66uVH6OghI0rI4dwpqrYdFpn4I%2Fi0uuk7%2FehKKwvMYBh43Yy9ejBtI4HDqNFsa8GoUGIqdfQdnSIUSLsCoQGjhp0vtGvY%2F12Wl8KRh2rh0LI11mFu8HSF7dLvyeUI89LqULbcNP%2FSgtesKSwGjV0iduPftKgjBTycWhRaeHowqs9qIFHb2DTdvd%2BbAPAanH3LSgsBe2FntMsxeDSg73EgFC6LVMJCzd2EBCa%2FhYlNJrTqmMNHvyQWSWpD4S0wlGSQcMYStMPb4SUx4x%2FtRmPZ7RI5I23GGHYcEkm3p5PKzMCYfQUGyk4puAZlQdJ3pnSieu2%2BWp5R0GXbQFlLTRaPgpMOTVBPCt6OcKuSsAPuewRGT8PQtOrJ%2FzXWQWt06xKHXqZBeWd81x1YQseDJOEKQ9%2B8q7bG7x96KQDEIRvLoG19EDoujrRygTuz7x2I6A%2BMKoHDtarBeQ26tlk21cANIgv%2F8j8sJlSLIkWK3HewtYpAJKn%2F%2FK01zNN4gLUQtRwY3VXmoDQ%2BvVhMPGXDaaiMML0CqPohUEarRXact%2BTO55P1hQeAI3wKqlpuZqfrwPf2q1CijNeH%2BVDhR2NbD7IzIuzUN2n0xvp2JwlnGPlGSHlUs7HVenbluWqcKDRmV%2Fi67rng7w0j9cIhc%2BeKLIo7OtumMiT%2FWu3jCIfLWiU8MX%2FEGuWxwzjxdE0Wxc5MGwNRCf6d6jdsam11%2BOq7vTwF7P5aqQcPPEGFBQ2TiQC22eWhjLPdfPSqh8ldev7i0vR3rIGrJnf5mHG1qiAIQYNLcgCKXIXXIn%2FK5s39GyAvo7MvcDE8aqT0kagBYNOZe7355LmZ9540UVWGD2Gmfcfu%2BbjHTPvG3gxYd5PG%2FjBBnsh3QNG6w%3D%3D&searchVariation=182823286072,Frete grátis,2025-05-18 18:21:23.135608,Mini Pc Lenovo I5 7a Ger M910q 32gb Ssd 256 Win10 + Pro 127/,1529,Novo  |  +25 vendidos,"em 12x R$ 127 , 42 sem juros",Lenovo,M Tiny,M910,Intel Core i5,Windows,256 GB,Intel Core i5-7500,32 GB,256 GB,Preto,43151810,,Não,Não,Lenovo,Thinkcentre M910Q
mac-mini-m4,Mini Pc Nuc Ultra Intel Core I3 Ddr3 4gb Ssd 120gb,999,https://click1.mercadolivre.com.br/mclics/clicks/external/MLB/count?a=MIXQdRVwF9lCv5Zp3bzdDxwBP176rBco5ClWGo%2F3o%2FbBO0e5Rizdnu1vP7c0o5cByViOrpfXYQcNgjIrvaPGqDzeKA%2B417zZpINqkJSJr1XgyRD8sX1n%2BkTfThD%2BP1GQZH%2BxXZQiEY7NrFbZwKjVhOcqOan7hzBkAa9xrukPt%2Fl5MUs1cBPOt7T8Ha52hONS%2BzzDmuMbpHy179gLjdiAR1kQcK6HmDJ7Rj8WzpWmgivuAjwUL7TAfpCTKz6Ioz1Ne0Xp1Lv4BdiZ%2F4jPae87jFnuj8rDAX3eQnUIFu1A2mZqhnRoWsWjLB2ktjf2xUQJ9psAcXumg6Dj2arvyEB%2ByFurWhWji%2F3ScZw%2F071xwadiY7QqzqRnIhlYU1oCDRkNRXmCKPVTkszFPh8FXwuHoTjSfggQ7NjmPhf8z36h0K89V%2BWID%2F%2BqY9KlyrslzoPB3z%2BEstChoT%2FZ0TIgG3a53VwR9FuL9rMjbYoOYFcihYi%2BX5VbuiP4Lh7dnRP5LmJVMjmtU8uaPL6vBviD5enMUANiavpGRQfn5CNMMiHM%2Ftry3a1cqCrv0QCg%2FapVIuXinigo8Nvvlk6gh7WTBmKUF8miIjnyGGmT7xuNuLr0p8dEY4K4MvTzuwkvT2bqoCV0oumeuOENjQGHLfzoiTo87Q1lOWPs74qhkuiU31OSeEvuwp8SzH8uLJVOuY3zs%2BToKRj%2BSrBsqHMYGjWrVpzmHqKbeUmdRP0JVVYQXoj%2Fg4YvpSOHwAlKt%2FxiIqLrMnPHLUI1YshY2L%2FlWyp%2B7XgP7DlqAgnBsqFRx9stHiP5slSIMSOBFmQXrRynKA2%2B6YCp0AbTev%2BrF5qZtRxMUbSW3UQ%2FmJ1anEN5SdO8MTehNws%3D,Frete grátis,2025-05-18 18:21:23.135608,Mini Pc Nuc Ultra Intel Core I3 Ddr3 4gb Ssd 120gb,999,Novo,"em 12x R$ 96 , 64",Ultra,NUC,ULTi3,Intel Core i3,Windows,120 GB,Intel HD Graphics 4400,4 GB,120 GB,Preto,10,2,Não,Não,Ultra,131741
mac-mini-m4,"Apple Mac Mini M4 (2024) 10cpu 10gpu 24gb Ram 512gb Ssd, 12x",11899,https://produto.mercadolivre.com.br/MLB-5370783830-apple-mac-mini-m4-2024-10cpu-10gpu-24gb-ram-512gb-ssd-12x-_JM?searchVariation=187757203081,Frete grátis,2025-05-18 18:21:23.136608,"Apple Mac Mini M4 (2024) 10cpu 10gpu 24gb Ram 512gb Ssd, 12x",11899,Novo,"em 12x R$ 991 , 58 sem juros",Apple,M4,Mac mini,M4,macOS,,Apple M4 10-core,24 GB,512 GB,Prateado,Sequoia,16,Não,Não,Apple,MCYT4LL/A
mac-mini-m4,Apple Mac Mini M4 16gb/256gb Ssd - Silver,5799,https://produto.mercadolivre.com.br/MLB-5328764430-apple-mac-mini-m4-16gb256gb-ssd-silver-_JM?searchVariation=183208106864,Frete grátis,2025-05-18 18:21:23.136608,Apple Mac Mini M4 16gb/256gb Ssd - Silver,5799,Novo  |  +25 vendidos,"em 12x R$ 483 , 25 sem juros",Apple,M4,Mac mini,M4,macOS,256 GB,Apple M4 10-core,16 GB,256 GB,Prateado,Sierra,10,Não,Não,Apple,MU9D3LL/A
mac-mini-m4,Apple Mac Mini M4 16gb/256gb Ssd - Silver,5499,https://produto.mercadolivre.com.br/MLB-5328834870-apple-mac-mini-m4-16gb256gb-ssd-silver-_JM?searchVariation=187320604705,Frete grátis,2025-05-18 18:21:23.136608,Apple Mac Mini M4 16gb/256gb Ssd - Silver,5499,Novo  |  +5 vendidos,"em 12x R$ 528 , 55",Apple,M4,Mac mini,M4,macOS,256 GB,Apple M4 10-core,16 GB,256 GB,Prateado,Sierra,10,Não,Não,Apple,MU9D3LL/A
mac-mini-m4,Apple Mac Mini M4 16gb/256gb Ssd - Silver,5499,https://produto.mercadolivre.com.br/MLB-5328835266-apple-mac-mini-m4-16gb256gb-ssd-silver-_JM?searchVariation=187320605461,Frete grátis,2025-05-18 18:21:23.136608,Apple Mac Mini M4 16gb/256gb Ssd - Silver,5499,Novo  |  1 vendido,"em 12x R$ 528 , 55",Apple,M4,Mac mini,M4,macOS,256 GB,Apple M4 10-core,16 GB,256 GB,Prateado,Sierra,10,Não,Não,Apple,MU9D3LL/A
mac-mini-m4,Apple Mac Mini M4 (2024) 10cpu 10gpu 24gb Ram 512gb Ssd,11391,https://produto.mercadolivre.com.br/MLB-5171688284-apple-mac-mini-m4-2024-10cpu-10gpu-24gb-ram-512gb-ssd-_JM?searchVariation=186008313141,Frete grátis,2025-05-18 18:21:23.136608,Apple Mac Mini M4 (2024) 10cpu 10gpu 24gb Ram 512gb Ssd,11391,Novo  |  +5 vendidos,"em 12x R$ 952 , 60",Apple,M4,Mac mini,M4,macOS,,Apple M4 10-core,24 GB,512 GB,Prateado,Sequoia,10,,Não,Apple,MCYT4LL/A
mac-mini-m4,Apple Mac Mini Chip M4 Pro 12c Cpu 16c Gpu 24gb 512gb A3239,12999,https://www.mercadolivre.com.br/apple-mac-mini-chip-m4-pro-12c-cpu-16c-gpu-24gb-512gb-a3239/up/MLBU3172995603,Frete grátis,2025-05-18 18:21:23.137608,Apple Mac Mini Chip M4 Pro 12c Cpu 16c Gpu 24gb 512gb A3239,12999,Novo,"em 12x R$ 1.083 , 33 sem juros",Apple,MAC MINI,A3239,M4 Pro,macOS,512 GB,Apple M4 16-Core GPU,24 GB,512 GB,Prata,,12,Não,Não,Apple,MCX44LL/A
mac-mini-m4,"Apple Mac Mini M4 (2024) 10cpu 10gpu 32gb Ram 512gb Ssd, 12x",15699,https://produto.mercadolivre.com.br/MLB-5171847474-apple-mac-mini-m4-2024-10cpu-10gpu-32gb-ram-512gb-ssd-12x-_JM?searchVariation=182183207386,Frete grátis,2025-05-18 18:21:23.137608,"Apple Mac Mini M4 (2024) 10cpu 10gpu 32gb Ram 512gb Ssd, 12x",15699,Novo  |  +5 vendidos,"em 12x R$ 1.138 , 18 sem juros",Apple,M4,Mac mini,M4,macOS,,Apple M4 10-core,32 GB,512 GB,Prateado,Sequoia,10,,Não,Apple,Z1CF000C9
mac-mini-m4,4990 À Vista Apple Mac Mini M4 16gb Ram 10cpu 10gpu 256gb,6350,https://produto.mercadolivre.com.br/MLB-5366440596-4990-vista-apple-mac-mini-m4-16gb-ram-10cpu-10gpu-256gb-_JM?searchVariation=183458869010,Frete grátis,2025-05-18 18:21:23.137608,4990 À Vista Apple Mac Mini M4 16gb Ram 10cpu 10gpu 256gb,6350,Novo,"em 12x R$ 556 , 08",Apple,M4,Mac mini,M4,macOS,256 GB,Apple M4 10-core,16 GB,256 GB,Prateado,,,Não,Não,Apple,MU9D3LL/A
mac-mini-m4,"Apple Mac Studio M4 Max 14-core/32-core 36gb Ram 512gb Ssd,",23799,https://produto.mercadolivre.com.br/MLB-3998175851-apple-mac-studio-m4-max-14-core32-core-36gb-ram-512gb-ssd-_JM?searchVariation=183094084878,Frete grátis,2025-05-18 18:21:23.137608,"Apple Mac Studio M4 Max 14-core/32-core 36gb Ram 512gb Ssd,",23799,Novo  |  2 vendidos,"em 12x R$ 1.725 , 43 sem juros",Apple,Mac studio,Início 2024,M4 Max,macOS,,GPU 32 Núcleos,36 GB,512 GB,Cinza,,14,Não,Não,Apple,MU963LL/A
mac-mini-m4,Apple Mac Mini M4 16gb/256gb Ssd - Silver,5499,https://www.mercadolivre.com.br/apple-mac-mini-m4-16gb256gb-ssd--silver/up/MLBU3146162433,Frete grátis,2025-05-18 18:21:23.137608,Apple Mac Mini M4 16gb/256gb Ssd - Silver,5499,Novo,"em 12x R$ 528 , 55",Apple,M4,Mac mini,M4,macOS,256 GB,Apple M4 10-core,16 GB,256 GB,Prateado,Sierra,,Não,Não,Apple,MU9D3LL/A
mac-mini-m4,Apple Mac Mini M4 (2024) 10cpu 10gpu 16gb 256gb Envio Hoje,6299,https://produto.mercadolivre.com.br/MLB-5310908830-apple-mac-mini-m4-2024-10cpu-10gpu-16gb-256gb-envio-hoje-_JM?searchVariation=187153281369,Frete grátis,2025-05-18 18:21:23.138608,Apple Mac Mini M4 (2024) 10cpu 10gpu 16gb 256gb Envio Hoje,6299,Novo  |  +5 vendidos,"em 12x R$ 605 , 44",Apple,M4,Mac mini,M4,macOS,256 GB,Apple M4 10-core,16 GB,256 GB,Prateado,,,Não,Não,Apple,MU9D3LL/A
mac-mini-m4,Apple Mac Mini M4 Pro - 2024 12cpu 16gpu 24gb Ram 512gb Ssd,15990,https://produto.mercadolivre.com.br/MLB-5288011902-apple-mac-mini-m4-pro-2024-12cpu-16gpu-24gb-ram-512gb-ssd-_JM?searchVariation=186939260307,Frete grátis,2025-05-18 18:21:23.138608,Apple Mac Mini M4 Pro - 2024 12cpu 16gpu 24gb Ram 512gb Ssd,15990,Novo  |  2 vendidos,"em 12x R$ 1.199 , 25 sem juros",Apple,M4,Mac mini,M4 Pro,macOS,512 GB,Apple M4 16-core,24 GB,512 GB,Prateado,Sequoia,12,Não,Não,Apple,MCX44LL/A
mac-mini-m4,4990 À Vista Apple Mac Mini M4 10cpu 10gpu 16gb Ram 256gb,6490,https://produto.mercadolivre.com.br/MLB-5362164020-4990-vista-apple-mac-mini-m4-10cpu-10gpu-16gb-ram-256gb-_JM?searchVariation=187628951155,Frete grátis,2025-05-18 18:21:23.138608,4990 À Vista Apple Mac Mini M4 10cpu 10gpu 16gb Ram 256gb,6490,Novo,"em 12x R$ 511 , 12 sem juros",Apple,M4,Mac mini,M4,macOS,256 GB,Apple M4 10-core,16 GB,256 GB,Prateado,,,Não,Não,Apple,MU9D3LL/A
mac-mini-m4,"Apple Mac Mini M4 (2024) 10cpu 10gpu 32gb Ram 1tb Ssd, 12x",16999,https://produto.mercadolivre.com.br/MLB-3982911981-apple-mac-mini-m4-2024-10cpu-10gpu-32gb-ram-1tb-ssd-12x-_JM?searchVariation=187012771779,Frete grátis,2025-05-18 18:21:23.138608,"Apple Mac Mini M4 (2024) 10cpu 10gpu 32gb Ram 1tb Ssd, 12x",16999,Novo  |  3 vendidos,"em 12x R$ 1.232 , 43 sem juros",Apple,M4,Mac mini,M4,macOS,,Apple M4 10-core,32 GB,1 TB,Prateado,Sequoia,10,Não,Não,Apple,Z1CF000AD
mac-mini-m4,Apple Mac Mini M4 (2024) 16gb Ram 256ssd Envio Imediato,6474,https://produto.mercadolivre.com.br/MLB-3946566209-apple-mac-mini-m4-2024-16gb-ram-256ssd-envio-imediato-_JM?searchVariation=182701507736,Frete grátis,2025-05-18 18:21:23.138608,Apple Mac Mini M4 (2024) 16gb Ram 256ssd Envio Imediato,6474,Novo  |  1 vendido,"em 12x R$ 539 , 55 sem juros",Apple,M4,Mac mini,M4,macOS,256 GB,Apple M4 10-core,16 GB,256 GB,Prateado,MacOS,10,Não,Não,Apple,MU9D3LL/A
mac-mini-m4,Apple Mac Mini M4 Pro (2024) 14cpu 20gpu 64gb Ram 1tb Ssd,25199,https://produto.mercadolivre.com.br/MLB-5171786792-apple-mac-mini-m4-pro-2024-14cpu-20gpu-64gb-ram-1tb-ssd-_JM?searchVariation=186008506127,Frete grátis,2025-05-18 18:21:23.138608,Apple Mac Mini M4 Pro (2024) 14cpu 20gpu 64gb Ram 1tb Ssd,25199,Novo  |  4 vendidos,"em 12x R$ 2.107 , 18",Apple,M4,Mac mini,M4 Pro,macOS,,Apple M4 14-core,64 GB,1 TB,Prateado,Sequoia,14,,Não,Apple,Z1JV000KF
mac-mini-m4,Apple Mac Mini M4 Pro 12cpu 16gpu 24gb Ram 512gb Ssd,12960,https://www.mercadolivre.com.br/apple-mac-mini-m4-pro-12cpu-16gpu-24gb-ram-512gb-ssd/up/MLBU3105009060,Frete grátis,2025-05-18 18:21:23.139608,Apple Mac Mini M4 Pro 12cpu 16gpu 24gb Ram 512gb Ssd,12960,Novo,em 12x R$ 1.080 sem juros,Apple,M4 Pro,A3239,M4 Pro,macOS,512 GB,,24 GB,512 GB,,,,Não,Não,Apple,MCX44LL/A
mac-mini-m4,"Mac Mini Chip M4 Pro (24 Gb Ram, Ssd De 512 Gb)",15690,https://produto.mercadolivre.com.br/MLB-5327219558-mac-mini-chip-m4-pro-24-gb-ram-ssd-de-512-gb-_JM?searchVariation=187307079197,Frete grátis,2025-05-18 18:21:23.139608,"Mac Mini Chip M4 Pro (24 Gb Ram, Ssd De 512 Gb)",15690,Novo,"em 12x R$ 1.111 , 38 sem juros",Apple,M4,Mac mini,M4 Pro,macOS,512 GB,20,24 GB,512 GB,Prateado,Sequoia,,Não,Não,Apple,MCX44LL/A
mac-mini-m4,"Apple Mac Mini M4 (2024) 10cpu 10gpu 24gb Ram 1tb Ssd, 12x",14899,https://produto.mercadolivre.com.br/MLB-3993895277-apple-mac-mini-m4-2024-10cpu-10gpu-24gb-ram-1tb-ssd-12x-_JM?searchVariation=187127302541,Frete grátis,2025-05-18 18:21:23.139608,"Apple Mac Mini M4 (2024) 10cpu 10gpu 24gb Ram 1tb Ssd, 12x",14899,Novo  |  1 vendido,"em 12x R$ 1.080 , 18 sem juros",Apple,M4,Mac mini,M4,macOS,,Apple M4 10-core,24 GB,1 TB,Prateado,Sequoia,10,Não,Não,Apple,Z1CF000C7
mac-mini-m4,"Apple Mac Studio M4 Max 14-core/32-core 36gb Ram 1tb Ssd,",26499,https://produto.mercadolivre.com.br/MLB-5312378370-apple-mac-studio-m4-max-14-core32-core-36gb-ram-1tb-ssd-_JM?searchVariation=183094102830,Frete grátis,2025-05-18 18:21:23.139608,"Apple Mac Studio M4 Max 14-core/32-core 36gb Ram 1tb Ssd,",26499,Novo,"em 12x R$ 2.034 , 90 sem juros",Apple,Mac studio,Início 2024,M4 Max,macOS,1 TB,GPU 32 Núcleos,36 GB,1 TB,Cinza,,14,Não,Não,Apple,MSM4MAX02
mac-mini-m4,"Apple Mac Mini M4 (2024) 10cpu 10gpu 16gb Ram 512gb Ssd, 12x",9999,https://produto.mercadolivre.com.br/MLB-5171699336-apple-mac-mini-m4-2024-10cpu-10gpu-16gb-ram-512gb-ssd-12x-_JM?searchVariation=186008374635,Frete grátis,2025-05-18 18:21:23.140525,"Apple Mac Mini M4 (2024) 10cpu 10gpu 16gb Ram 512gb Ssd, 12x",9999,Novo  |  +5 vendidos,"em 12x R$ 724 , 93 sem juros",Apple,M4,Mac mini,M4,macOS,,Apple M4 10-core,16 GB,512 GB,Prateado,Sequoia,10,,Não,Apple,MU9D3LL/A
mac-mini-m4,Apple Mac Mini M4 14/20-core 64gb Ram 2tb Ssd,29990,https://produto.mercadolivre.com.br/MLB-3933853531-apple-mac-mini-m4-1420-core-64gb-ram-2tb-ssd-_JM?searchVariation=186443439301,Frete grátis,2025-05-18 18:21:23.140525,Apple Mac Mini M4 14/20-core 64gb Ram 2tb Ssd,29990,Novo,"em 12x R$ 2.499 , 17 sem juros",Apple,MAC MINI M4,Mac mini,M4,macOS,16 GB,20 core GPU,64 GB,2 TB,Prateado,MacOS,20,Não,Não,Apple,1
mac-mini-m4,"Apple Mac Mini M4 Pro (2024) 14cpu 20gpu 64gb Ram 2tb Ssd,",30699,https://produto.mercadolivre.com.br/MLB-5171711940-apple-mac-mini-m4-pro-2024-14cpu-20gpu-64gb-ram-2tb-ssd-_JM?searchVariation=182183356894,Frete grátis,2025-05-18 18:21:23.140525,"Apple Mac Mini M4 Pro (2024) 14cpu 20gpu 64gb Ram 2tb Ssd,",30699,Novo  |  +5 vendidos,"em 12x R$ 2.225 , 68 sem juros",Apple,M4,Mac mini,M4 Pro,macOS,,Apple M4 14-core,64 GB,2 TB,Prateado,Sequoia,14,,Não,Apple,Z1JV000KX
mac-mini-m4,Mac Mini 2024 M4 10/10gpu 16gb Ram 256ssd,6399,https://produto.mercadolivre.com.br/MLB-3938106341-mac-mini-2024-m4-1010gpu-16gb-ram-256ssd-_JM?searchVariation=186509960723,Frete grátis,2025-05-18 18:21:23.140525,Mac Mini 2024 M4 10/10gpu 16gb Ram 256ssd,6399,Novo  |  3 vendidos,"em 12x R$ 506 , 59 sem juros",Apple,MAC MINI,Mac Mini 2024,M4,macOS,256 GB,Apple M4 10-Core GPU,16 GB,256 GB,Prata,MacOS,10,Não,Não,Apple,MU9D3LL/A
mac-mini-m4,"Macmini M4 10c Cpu, 10c Gpu, 16gb, 256mb (lacrado)",6749,https://produto.mercadolivre.com.br/MLB-5373126366-macmini-m4-10c-cpu-10c-gpu-16gb-256mb-lacrado-_JM?searchVariation=187787862781,Frete grátis,2025-05-18 18:21:23.140525,"Macmini M4 10c Cpu, 10c Gpu, 16gb, 256mb (lacrado)",6749,Novo,"em 12x R$ 562 , 42 sem juros",Apple,M4,Mac mini,M4,macOS,256 GB,8 core,16 GB,256 GB,Prateado,Sequoia,10,Não,Não,Apple,MU9D3LL/A
mac-mini-m4,"Apple Mac Mini M4 (2024) 10cpu 10gpu, 16gb Ram, 512gb Ssd",7999,https://produto.mercadolivre.com.br/MLB-4061073337-apple-mac-mini-m4-2024-10cpu-10gpu-16gb-ram-512gb-ssd-_JM?searchVariation=187926634631,Frete grátis,2025-05-18 18:21:23.140525,"Apple Mac Mini M4 (2024) 10cpu 10gpu, 16gb Ram, 512gb Ssd",7999,Novo,"em 12x R$ 666 , 58 sem juros",Apple,M4,Mac mini,M4,macOS,512 GB,Apple M4 10-core,16 GB,512 GB,Prateado,Sequoia,10,Não,Não,Apple,MU9ELL/A
mac-mini-m4,Apple Mac Mini M4 (2024) 10cpu 10gpu 16gb Ram 512gb Ssd,9599,https://produto.mercadolivre.com.br/MLB-5171834640-apple-mac-mini-m4-2024-10cpu-10gpu-16gb-ram-512gb-ssd-_JM?searchVariation=182183140022,Frete grátis,2025-05-18 18:21:23.141603,Apple Mac Mini M4 (2024) 10cpu 10gpu 16gb Ram 512gb Ssd,9599,Novo  |  +5 vendidos,"em 12x R$ 790 , 84",Apple,M4,Mac mini,M4,macOS,,Apple M4 10-core,16 GB,512 GB,Prateado,Sequoia,10,,Não,Apple,MU9D3LL/A
mac-mini-m4,Apple Mac Mini M4 (2024) 10cpu 10gpu 24gb Ram 1tb Ssd,14199,https://produto.mercadolivre.com.br/MLB-5307520910-apple-mac-mini-m4-2024-10cpu-10gpu-24gb-ram-1tb-ssd-_JM?searchVariation=183060870974,Frete grátis,2025-05-18 18:21:23.141603,Apple Mac Mini M4 (2024) 10cpu 10gpu 24gb Ram 1tb Ssd,14199,Novo  |  1 vendido,"em 12x R$ 1.255 , 58",Apple,M4,Mac mini,M4,macOS,,Apple M4 10-core,24 GB,1 TB,Prateado,Sequoia,10,Não,Não,Apple,Z1CF000C7
mac-mini-m4,Apple Mac Mini M4 (2024) 10cpu 10gpu 16gb 256gb,6035,https://produto.mercadolivre.com.br/MLB-4034530973-apple-mac-mini-m4-2024-10cpu-10gpu-16gb-256gb-_JM?searchVariation=183374247584,Frete grátis,2025-05-18 18:21:23.141603,Apple Mac Mini M4 (2024) 10cpu 10gpu 16gb 256gb,6035,Novo,"em 12x R$ 502 , 92 sem juros",Apple,M4,Mac mini,M4,macOS,256 GB,Apple M4 10-core,16 GB,256 GB,Prateado,,,Não,Não,,MU9D3LL/A
mac-mini-m4,"Apple Mac Mini M4, 16gb Ram, 256gb",5999,https://produto.mercadolivre.com.br/MLB-5351616214-apple-mac-mini-m4-16gb-ram-256gb-_JM?searchVariation=183358731454,Frete grátis,2025-05-18 18:21:23.141603,"Apple Mac Mini M4, 16gb Ram, 256gb",5999,Novo,"em 12x R$ 576 , 70",Apple,MAC MINI,Mac Mini M4,M4,macOS,256 GB,10-Core GPU,16 GB,,Prateado,,14,Não,Não,Apple,A3238
mac-mini-m4,Apple Mac Mini M4 16gb 256gb Ssd Cinza Macos,5587,https://produto.mercadolivre.com.br/MLB-3964370751-apple-mac-mini-m4-16gb-256gb-ssd-cinza-macos-_JM?searchVariation=182822025180,Frete grátis,2025-05-18 18:21:23.185176,Apple Mac Mini M4 16gb 256gb Ssd Cinza Macos,5587,Novo  |  +25 vendidos,"em 12x R$ 465 , 58 sem juros",Apple,mac,Mac mini,M4,macOS,256 GB,,16 GB,256 GB,Cinza,Ventura,8,Não,Não,Apple,
mac-mini-m4,Mini Mac M4 10 Nucleos Memoria 16 Ssd 256gb,5649,https://www.mercadolivre.com.br/mini-mac-m4-10-nucleos-memoria-16-ssd-256gb/up/MLBU3132319777,Frete grátis,2025-05-18 18:21:23.185176,Mini Mac M4 10 Nucleos Memoria 16 Ssd 256gb,5649,Novo  |  +5 vendidos,"em 12x R$ 542 , 96",Apple,M4,Mac mini,M4,macOS,256 GB,Apple M4 10-core,16 GB,,Silver,,,Não,Não,Apple,MU9D3LL/A
mac-mini-m4,Apple Mac Mini M4 (2024) 10cpu 10gpu 16gb 256gb Envio Hoje,6599,https://produto.mercadolivre.com.br/MLB-5310805116-apple-mac-mini-m4-2024-10cpu-10gpu-16gb-256gb-envio-hoje-_JM?searchVariation=183081273230,Frete grátis,2025-05-18 18:21:23.186191,Apple Mac Mini M4 (2024) 10cpu 10gpu 16gb 256gb Envio Hoje,6599,Novo  |  +25 vendidos,"em 12x R$ 549 , 92 sem juros",Apple,M4,Mac mini,M4,macOS,256 GB,Apple M4 10-core,16 GB,256 GB,Prateado,,,Não,Não,Apple,MU9D3LL/A
mac-mini-m4,Mac Mini Apple M4 10-core 16gb Ram 256gb Ssd Prateado,5487,https://www.mercadolivre.com.br/mac-mini-apple-m4-10core-16gb-ram-256gb-ssd-prateado/up/MLBU3165451156,Frete grátis,2025-05-18 18:21:23.186191,Mac Mini Apple M4 10-core 16gb Ram 256gb Ssd Prateado,5487,Novo  |  1 vendido,"em 12x R$ 527 , 39",Apple,M4,Mac mini,M4,macOS,256 GB,Apple M4 10-core,16 GB,256 GB,Prateado,macOs  Sequoia,10,Não,Não,Apple,MU9D3LL/A
mac-mini-m4,Mac Mini M4 Chip 10core Cpu And 10core Gpu 256gb Com Nf,5869,https://produto.mercadolivre.com.br/MLB-4065695161-mac-mini-m4-chip-10core-cpu-and-10core-gpu-256gb-com-nf-_JM?searchVariation=183643615088,Frete grátis,2025-05-18 18:21:23.186191,Mac Mini M4 Chip 10core Cpu And 10core Gpu 256gb Com Nf,5869,Novo,"em 12x R$ 489 , 08 sem juros",Apple,Mac Mini M4,Mac mini,M4,macOS,256 GB,10 CORE GPU,16 GB,256 GB,Cinza,MacOS,10,Não,Não,Apple,111172201993
mac-mini-m4,Apple Mac Mini M4 (2024) 10cpu 10gpu 16gb 256gb Envio Hoje,5925,https://www.mercadolivre.com.br/apple-mac-mini-m4-2024-10cpu-10gpu-16gb-256gb-envio-hoje/up/MLBU3179088835,Frete grátis,2025-05-18 18:21:23.186191,Apple Mac Mini M4 (2024) 10cpu 10gpu 16gb 256gb Envio Hoje,5925,Novo,"em 12x R$ 569 , 53",Apple,M4,Mac mini,M4,macOS,256 GB,Apple M4 10-core,16 GB,256 GB,Prateado,iOS,10,Não,Não,APPLE INC,MU9D3LL/A
mac-mini-m4,Mini Pc Lenovo M910 Core I5 7° Ger 16 Gb Ram Ssd 240gb Win10 127/220v,1218,https://click1.mercadolivre.com.br/mclics/clicks/external/MLB/count?a=gkJj38IrVpe6j20WaVVc0yC2tnzUai68h5AX0WCzo9aH8YW5JjcxkBBpR0bB%2F168l90k8zAQhkY6fN7D8sZIAzAB7uqtH1f92HtgmyCPtv8F%2FPY2TiEZyydIt%2B4XSyu4V76QcjEpquCTmiwTCu3w4HxShZs9HDErkn3Yz9QapuiWQ3VIMLiYxhU5H%2FovL4VhVB7I5mDzWkHzoMM2N9OrWCO%2BMdyI%2FQ%2BO6IFHPkXD9Luki8y%2FhpNz2cL%2BSnohNOIPS21lASVwbW1KZN4TCcCtbEdqmUgpGrc2xMEK%2B75KC9ahqagmozWzO1bSuYlyy897JE8kqvcrfGW0iybx5ikEefzNgA%2BZn5GYPHvuptYsfIySlYqrED6RHP%2BCrVBI%2FuhVeXRZhtZeCN7B5rOVd87FNd%2FYOv6f2o%2FVXYUmjfjVBvO0IkMYCOlGRDjiCqlbaT1A9OMBuI0ozbwObmNnFSUimWtw9zukySzz9SQVxvKSnNFnawDEx%2FSyuEAHo7GHr%2BuyzgGq1GnU9o1Epk58JzYTgB%2FTIksSnjw5sv51NWKSK3CynD67%2FsrcK6lo8nPd6rXLLHfBaOXrV0BYDz41LQTlTe9zH2pspGIGH2RdTtP8452GmeqG8zu0QqmJQSIR6b%2F6fhMQcsrSC6f0oVKNZD8A%2FkdMl1%2BLSZSqzGBGGSbVm7OagIVH55%2FBvlU663CXwFkcjzaL2KIW%2F84ikTrQ0iM79JvGglkLi8pvJZwz8gRzf1FG8w3%2FbuYpUgVpw1PZN3%2FM3jMCowQzozDp5sgK2YkIHrunieYj0HfKUkMCBzOaOe8pb1IghUa7r%2BDCx3SriH%2FDCHkrr3gzUKh6R8323ue3ecj0kybkW58g6DqhKpAzK1GTWFGdOgzCA0UjgJ4z%2B12z2TOtTE%2FAk3BQMH05hhtVEIOvISSEKmr40vPA1s7b8F0EktaGYQq2wbRYrmrEHt6mLQupMPbPA1baYc4LY4AZxGPFxDBYKnl5MmrgB8XAXfeycMsXj7LxKpw3foQii%2Fnd4Ef0Y5IJi5dzJ3351jbZ,Frete grátis,2025-05-18 18:21:23.186191,Mini Pc Lenovo M910 Core I5 7° Ger 16 Gb Ram Ssd 240gb Win10 127/220v,1218,Novo  |  +1000 vendidos,"em 12x R$ 101 , 50 sem juros",Lenovo,M Tiny,M910,Intel Core i5,Windows 10,240 GB,intel,16 GB,240 GB,Preto,Windows 10,4,Não,Não,Lenovo,
mac-mini-m4,Mini Pc Lenovo Thinkcentre M910q I5 6°ger.. Mem 8gb Ssd 240,1999,https://click1.mercadolivre.com.br/mclics/clicks/external/MLB/count?a=icAIChuUoHHdjREJP8t4YUzJ6EcpCU1KH%2FqZgVTRdvVMvtyWm%2BgZN1qOx0y7OY2UZyP1BNAJmiBRRHRqzPN8im1TQfRic92OkbTGa8rvmnNR3C6iGpheKriwxYeMeXDzDGPJJu%2BTUtX5DOkcZoFPMXQoprgEt28FIIIjNuI0I8NKSc5%2F3bOAOM4cSVclu06yw%2BVmB238hYEl9NYspv3i%2Be8CLYB5lByvKsVS7%2FdTZR2LaOAgw2VLgfYE0EbwDoRjdFpe0oupP5PxiB43FDOc%2FJGFVciT1u3bdHpllQ4JXB4SuMzlIrJ7v%2BCO9DgaCoXQpfpHTMsqjBNrJGF6PcsWgKSTe6AsMoZf4MoBPX5jxO7YMnnqeIuoIP1AbEVYOKcoQ1RclN1B0JhF1LE0k9s4a2Z921fqMRVCiW%2FBc5BqjEyr%2FYAW%2BJbt%2BD5%2F0oAgvKemGQLripGWOt7NL%2FYWaQih4nosxbGcBhtV5aOJ%2FptkkyEYlTmay%2B1%2Fzgqk5oDgsruGeqZIIMF0uJgTU57jA1ZO80bKKuQJ3VBvhxnRlp0tWk4F4CzapL%2FgumzjzCWhwLvYhxRAgJUR70vUCM38%2FHUyVoVkkwYsHW4bE33xmOOpoBw453L3NTZVsJ1t193tMVeYvzZZzL9QId2Xa5hi5%2FxPNQjzddsXHE9zMipEbkbEFxS2QeuePhtvkYAEqJ8U%2BVB7HniVFYoCVmjCr8fPedX4X0Bv3CQG1Dphxkw5MNa4h9P1qoFop3SPgibP87KFDbj4r%2FSDogo9b420m%2FSqweT41WnSuDa3a70Yf%2BNsbjBhC7EBc6PvyVNS2AbkK%2FRM%2Bsz7cuNB1uY7ta2MSWXYOBPkH441SqRt6Q5o9MOOLx5MCy07mWbVN7L%2FCMoGxa6WDdMevpGfXqujN9Q2NRIbRQLpCI8HMFkVvmqecU7goYGyq509GrBmf%2FVQHhLEzQ47uj9%2FCJ9J9Yw%3D&searchVariation=178237077287,Chegará grátis amanhã,2025-05-18 18:21:23.187192,Mini Pc Lenovo Thinkcentre M910q I5 6°ger.. Mem 8gb Ssd 240,1999,Novo  |  +100 vendidos,"em 12x R$ 116 , 61 sem juros",Mini PC Lenovo,Mini CPU M Tiny,Mini Desktop M910,Intel Core i5,Windows,240 GB,Intel Core i5-6600T,8 GB,240 GB,Preto,10,,Não,Não,,
mac-mini-m4,Mini Computador Pc Core I5 8gb Ram Ssd 240gb + Wi-fi,1199,https://click1.mercadolivre.com.br/mclics/clicks/external/MLB/count?a=egmccR28AFuQSTFAeq3pmsNzvSPKBdj5uuvm1%2B1fHRfG1thmoMF4wC%2FaPOkf1CZCwc6CuZZ8sDIZMLCqdLMhiSFNpDujc1%2FpJDagM9g4sLv1JqtE8ORM7WRtq6uCqAbXL3a2CR0nN3pZELpFYmDApkEMFPrxtUqN%2FLahs9m07wwBCfhL6HgGYFheQJYHxZhc4WhJdeUDqA%2FyVQsL1jdCZBuSz2WHWl51hGYSdlzLuxrpTybFITHpqNaEKDwHni1hKefFqe430Z1nahTQINVumOZhJc%2BHh2E3Ihz9vMedv9GuYjQR3v4XpfwMNscRE2nJhuKMD441IThNR8DyvEjZBrpaHcFeocJ6BiiYjH71KftZph0oyWl1LiK%2F0IOP63QYSDQViKwrsYEV%2Bxzeoyr1lYDHKpIPprzalA5cSuAO0qAucMZS10IgOPFvfK4Mi%2FQQe56brExkGy9u0ONaQIKAiFXH6PojboRSkJRf2U%2FPtCxyIvc%2F4FZYYS3x47dy%2FuWS5xxu3FL3nDbTs1WyQB%2Faej9XEZxC4pDyA9wBKA6qlcR%2Fom3%2BROGPfvftOR0rd%2FimnXC%2FXcmt3yd9CNZQ1tt744O61J3ts73AW9XE17pIGBsTmbjDxyKkEGxQUYGbt%2FQI4hV4dDZj2ACDfeUBry4nd2L4kZ2%2BKs8KiN%2Bgat6Jt4tKHKRgnvdN33dC0Cj7W9RssG4hju%2F7C%2BvXzlmLqbNB6%2F3Wj5XqWdU7hABLOBLWX311E%2B7FKyRKfZ36k2RIx54ZGLGozw4JBztjqPRBHJX9W%2BAOO5BkjrSypqTPbQnsiy6KXAWPw51t06LSCVm70xF1CPY2%2BXphymfqe8Wovo8585qB2jD0A7a3nGfM7SyccQbq%2Bmjx%2FohBEKR2aPct5xYir6rXKU8t7secfDpb%2BNwtD90h4e2RCXcpPoqaM7aIS8p2prH%2F6eAaAeISQAIS9dc%3D&searchVariation=179139640152,Frete grátis,2025-05-18 18:21:23.187192,Mini Computador Pc Core I5 8gb Ram Ssd 240gb + Wi-fi,1199,Novo  |  +100 vendidos,em 12x R$ 100 sem juros,MONDRAGON,Mini Pc Intel Core i5 4° Ger,Mini i5 HM87,Intel Core i5,Windows 10,256 GB,Intel(R) HD Graphics 4600,8 GB,256 GB,Preto,10 Pro,2,Não,Não,MONDRAGON,
mac-mini-m4,Apple Mac Mini M4 - 10cpu 10gpu - 16gb Ram / 256gb Ssd,7440,https://produto.mercadolivre.com.br/MLB-5247712890-apple-mac-mini-m4-10cpu-10gpu-16gb-ram-256gb-ssd-_JM?searchVariation=186669891669,Frete grátis,2025-05-18 18:21:23.187192,Apple Mac Mini M4 - 10cpu 10gpu - 16gb Ram / 256gb Ssd,7440,Novo  |  +5 vendidos,em 12x R$ 496 sem juros,Apple,MAC MINI,Mac Mini M4,M4,macOS,256 GB,10-Core GPU,16 GB,256 GB,,Sequoia,,Não,Não,Apple,A3238
mac-mini-m4,Apple Mac Mini C/chip M4 16gb Ram 256gb Ssd,5999,https://produto.mercadolivre.com.br/MLB-4047658009-apple-mac-mini-cchip-m4-16gb-ram-256gb-ssd-_JM?searchVariation=187757441077,Frete grátis,2025-05-18 18:21:23.187192,Apple Mac Mini C/chip M4 16gb Ram 256gb Ssd,5999,Novo  |  +5 vendidos,"em 12x R$ 499 , 92 sem juros",Apple,mac,MAC MINI M4,M4,macOS,256 GB,,16 GB,256 GB,Cinza,,,Não,Não,,MU9D3LL/A
mac-mini-m4,"Apple Mac Mini M4 Pro (2024) 12cpu 16gpu 24gb Ram 512gb Ssd,",13387,https://produto.mercadolivre.com.br/MLB-5284089126-apple-mac-mini-m4-pro-2024-12cpu-16gpu-24gb-ram-512gb-ssd-_JM?searchVariation=182880644022,Frete grátis,2025-05-18 18:21:23.187192,"Apple Mac Mini M4 Pro (2024) 12cpu 16gpu 24gb Ram 512gb Ssd,",13387,Novo  |  3 vendidos,"em 12x R$ 1.115 , 58 sem juros",Apple,M4,Mac mini,M4 Pro,macOS,512 GB,Apple M4 12-core,24 GB,512 GB,Prateado,Sierra,8,Não,Não,Apple,MCX44LL/A
mac-mini-m4,"Apple Mac Mini M4 (2024) 10cpu 10gpu 24gb Ram 512gb Ssd, 12x",11899,https://produto.mercadolivre.com.br/MLB-5171847080-apple-mac-mini-m4-2024-10cpu-10gpu-24gb-ram-512gb-ssd-12x-_JM?searchVariation=182183205290,Frete grátis,2025-05-18 18:21:23.188192,"Apple Mac Mini M4 (2024) 10cpu 10gpu 24gb Ram 512gb Ssd, 12x",11899,Novo  |  +5 vendidos,"em 12x R$ 862 , 68 sem juros",Apple,M4,Mac mini,M4,macOS,,Apple M4 10-core,24 GB,512 GB,Prateado,Sequoia,10,,Não,Apple,MCYT4LL/A
mac-mini-m4,"Apple Mac Mini M4 (2024) 10cpu 10gpu, 16gb Ram, 512gb Ssd",8259,https://produto.mercadolivre.com.br/MLB-5336906406-apple-mac-mini-m4-2024-10cpu-10gpu-16gb-ram-512gb-ssd-_JM?searchVariation=183259989724,Frete grátis,2025-05-18 18:21:23.188192,"Apple Mac Mini M4 (2024) 10cpu 10gpu, 16gb Ram, 512gb Ssd",8259,Novo  |  +5 vendidos,"em 12x R$ 688 , 25 sem juros",Apple,M4,Mac mini,M4,macOS,512 GB,Apple M4 10-core,16 GB,512 GB,Prateado,Sequoia,10,Não,Não,Apple,MU9ELL/A
mac-mini-m4,Apple Mac Mini M4 24gb Ram 512gb Lacrado Com Garantia Apple,10196,https://produto.mercadolivre.com.br/MLB-4062682201-apple-mac-mini-m4-24gb-ram-512gb-lacrado-com-garantia-apple-_JM?searchVariation=183611006996,Frete grátis,2025-05-18 18:21:23.188192,Apple Mac Mini M4 24gb Ram 512gb Lacrado Com Garantia Apple,10196,Novo,"em 12x R$ 849 , 68 sem juros",Apple,M4,Mac mini,M4,macOS,,Apple M4 10-core,24 GB,512 GB,Prateado,Sequoia,10,Não,Não,Apple Inc,MCYT4LL/A
mac-mini-m4,Mini Pc Lenovo M900 Core I5 6th 16gb Ssd 240gb Windows 11,1349,https://click1.mercadolivre.com.br/mclics/clicks/external/MLB/count?a=kN2x3rDmvVgeV2%2BBbVzdVePxDX3HCfb08VgFt81fAAOEbaJH5fa6s4rPQZFbbFoRrqQXT4BjFY7gdFuO8vAkitW7jMFPdkmTb4uWWlN5JTlagHtD6tmymdX6G91adNqWqmt1rfS9mBjhR8CLDKStUruw5GcbjIdX2iDBEWJ%2FpP9Ket4J%2BVB2hJGL4dGvsHahjB5w3Mi%2F%2BAcnF5%2F1RQIZHUC82xRUBuHahkXJBBmknBGkJHck2m9KLvoueRZV3qIzFmculzA15Sukq5bmp13JAu2u%2F1h3clGfD2Yv9ix08HH4cxwSPsrGSlQWtvGsbfJ4chspfsm5Sl5H7SBDl9Xa%2B3TaVvDomk9gOu9DJGpMMGjGLInNO4MjVacUXEdAc7nLCcEfucimG1%2BBY%2FVgDOghafVgwfNe85mF9t%2F143rbLkkZw7%2F2hNOIZRZHXkeI5yneLa317eqNEvAaN30k6BdA9Mr3wCGvPlDV1cxhktq7ut1t75VNLNOhwsoIxvtNN2ojMNK7qmvOPiolpwdfCxcGh4QG4mrNHGSbxL3ybSm6DCphY1OEUPv2lAdbxOHf%2F7F9g4xr8wLktRtwwn6%2FrKwK7gYYlFjpAOVEEOptBDe9MQQltJPnEmJKFcrLjn756PBVS1ocjFbdaxGi%2BtxpTJlabRFpl0hn3l0KSbw7D9P5QOuCzJL0chAZMEsMbAw4pMNoJPWAGdvQKmi362cYcY4atuyjduL9ztSAHRBeOJBoUQn66UVWRAkDJO04wBqM%2Fv5t7cteOA4b67eDCGPVo%2F3NxZoFezBmMdv6hq8lY8e7MVyg7oXtoqiG7puElabyErQxmzMicVS9ONdQ5u8nSftHA4bznES9OX8i2TsWYDLZRTuqhQMy12VCgEd0zd6VHFcOMOfr0yrogeoAoEOiU3ME5O0m3GCKYXTR%2FTJs%2B2dVB7USPC967tYQ1tMB4BcwyDSGifimAM1R79OycQ%3D%3D&searchVariation=187134897745,Frete grátis,2025-05-18 18:21:23.188192,Mini Pc Lenovo M900 Core I5 6th 16gb Ssd 240gb Windows 11,1349,Novo  |  +5 vendidos,"em 12x R$ 112 , 50 sem juros",Lenovo,ThinkCentre,M900,Intel Core i5,Windows 11 Pro,240 GB,Integrada,16 GB,240 GB,Preto,11,,Não,Não,Lenovo,
mac-mini-m4,Mini Cpu Lenovo Think M910 I5-7° 16gb Ssd 256gb Windows 11,1699,https://click1.mercadolivre.com.br/mclics/clicks/external/MLB/count?a=Hscv1MxHSzsv4ajlwym%2BM2ze9TTzM7orLH98aCMtcEAmoUAJUQlGRIuetB9C%2F2cgeILVy9dYvE8qLIB13gCAxbyo3dHLtQ8TgzA0nL88671ls%2Bq5qWH%2BQ14gUHz%2FFPvuEoP8uhFjaFpVn7QBE1GJ4C70%2BgZ3nirAEvfkri2Qep1xmqlh7RMpWHZrBYmk8%2BwbEaNqjLrTHFK%2FYPOmAFt5WxjMX0GpHjclnvCtmdmwxv69hAsXC5JIK%2B1CYPNfSVmJ81SHRkuxXgLkbGGIQmk4CldbI%2BW2P1Juad8HZPA5k0Bziq8kQth%2F6PBCSnws3bARAfSjjsZ2smxzTQUuPcXuUf69dElw%2FkgESoxlklFiQFY8BoglcCpV%2BHOxuRmfy4Lk35rQdrC3hJvmzF3L9UHiOupqzAZLnTBW9ib3apXHFJmAdNiZQCDw2Upmh7UxP0M5%2FM69XLC4aCByMQZ5iLPQas6ioFv%2BESNzuGFLFAJjH2AoZolQhV8BuL1Qe%2FHqxrawFTBMhojmcO4eXoXqA7MZJD2c%2Bl1pxjnFiurKEEJrgcLXOGs%2Fr%2FaRFZMqSeA02QtLlPUjSgF77OASS9A3dY0gMZkUDy8j6zAduZg7ZA5rLFwK5NGMthe7gTITbTxllmGg%2B3RVKxyypwFnFR14CAuSNsHK1Lr67L7%2FYzp8IB7n9tZBhNOTEQoq%2BNl1vG1RCIy3dl6niUKpFvoldntrfYovGbVYhkAGHj0g69mn0lxbS%2F4mEy%2Bjs32bat7P75rstr%2FUxgIfqZossY%2BNe5xTVcR9WaUrPhVLWqIjVStAI5BnXsPNghedU1TJKNQYmJ6yrT%2FmbK5MWoWnwXBPqEpSkqtY29Ju3U1Ohtd6Mgik%2FeMGIjYEJJXvAGq2B%2Fhr1t1uPS0VY5wrrUREeUWkhzMixsJ%2F6ElI3RO%2FIYRWQRuGKXVipaOMrOyWdojoMTOBsNzJ1jq0bN2ezKeUwnc%3D&searchVariation=182808093540,Frete grátis,2025-05-18 18:21:23.188192,Mini Cpu Lenovo Think M910 I5-7° 16gb Ssd 256gb Windows 11,1699,Novo  |  +25 vendidos,"em 12x R$ 141 , 58 sem juros",Lenovo,102692,Mini PC,Intel Core i5,Windows,256 GB,Intel 4600,16 GB,256 GB,Preto,24223002,4,Não,Não,Lenovo,kitcompletowindows11
mac-mini-m4,Mini Pc Lenovo M900 Core I5-6500t Ram 32gb Ssd 480gb Win10,2400,https://click1.mercadolivre.com.br/mclics/clicks/external/MLB/count?a=HW6n1pF0i2pqXiJ%2F5Pylyo7FHELhhNCaS1o9QUnA1WRNgnpx58pvvOakNT56hxrCimBjedJ%2BZS3bgkZ%2BW8ha%2F0cNEzBqdNAs1v59OakWyVM2R3SibRF2ljUnQ1aifxpJZj8RbIqQ7EhTtYrZ4sfGM%2FF%2BeQyRPCWxeVIaM9HIzsQA7IVZmzl0H24j6dDRVpTtIvVbik9XtcgHZzzZ6QibUBc1hfEKaJ6DBFXPo%2FiX9GVTBDtg%2BE46PBkaatuhx3xhm2L736yELp8PBNtN6RyXGHP5V9WMehbg%2B0jzPWwZUhK3AWoD6StVWUko3%2BpgJ66hO%2BDwMIcOwodu7hlFA%2Bi2bTfBun7SkOugAizRqfmpxLk3ahSAZpWAEv7dlNX81O%2FphLSguhr6N378K%2FFk5WEUfvwPdlc%2B46Meige%2FflhEGV9gLmcgDudXOxTXk9jNJpm3h9DtcK1cbgLbTdL%2F3qjK%2F0%2FmOEGoPYk%2FF1FpVt6u17bNHEUAVOM92uKeMC1q76CtfECPyKtuvKlG1pzlkikSJiIgyvaOwUo6LcZPVa%2BVWfoZI7FQaDGGAw7cG2B4z1pSalwZY5wbADlEzHY0OGDIuPuK%2F41Te%2FQgbpWEyEp5NDFnk4EUHcAx00y5oQ2n0yDxRo21S4Fk1a%2FEXG%2BoGKN%2BOvqiacCultC6Nwiy0qOT1XAy2bzziJdTZG6G8%2BTxJJ4nIqiR0DfldyqDJqEDCvxzaNfQEASYUfDvg998cf180FMEdMgVn1cpNEXA5eIeG8p2OcahXnU8FUWm4ck%2FnpHe3C7kVsKvVewF6NdnZUhQo3WLgdLwswhl4Ig4yKkBGHBnXeNiKnH6mXR1bOjS5TNxvMwawg%2F%2BQSbwcqZDqcXlFar%2BPkC%2BkBvjlVDkiG9C4AP6u8YO94hHXHA0a4XVzOFSmDvMSXnQUWvwJQTtYF7roAS2J8yi933Z%2FNL43Rd0cppAsB1iVZWZmirN3w%3D%3D&searchVariation=180008750714,Frete grátis,2025-05-18 18:21:23.189195,Mini Pc Lenovo M900 Core I5-6500t Ram 32gb Ssd 480gb Win10,2400,Novo  |  +25 vendidos,em 12x R$ 166 sem juros,Mini PC Lenovo,Mini CPU ThinkCentre,Mini Desktop M900,CPU Intel Core i5,Windows 10 PRO,480 GB,Integrada,32 GB,480 GB,Preto,10,4,Não,Não,Lenovo,
mac-mini-m4,Apple Mac Mini M4 16gb Ram 512gb Lacrado Com Garantia Apple,7956,https://produto.mercadolivre.com.br/MLB-4062628359-apple-mac-mini-m4-16gb-ram-512gb-lacrado-com-garantia-apple-_JM?searchVariation=183610772320,Frete grátis,2025-05-18 18:21:23.189195,Apple Mac Mini M4 16gb Ram 512gb Lacrado Com Garantia Apple,7956,Novo,"em 12x R$ 663 , 02 sem juros",Apple,M4,Mac mini,M4,macOS,512 GB,Apple M4 10-core,16 GB,512 GB,Prateado,Sequoia,10,Não,Não,Apple Inc,MU9ELL/A
mac-mini-m4,Apple Mac Mini M4 16gb/256gb Ssd - Silver,5799,https://produto.mercadolivre.com.br/MLB-5328662074-apple-mac-mini-m4-16gb256gb-ssd-silver-_JM?searchVariation=187320628385,Frete grátis,2025-05-18 18:21:23.189195,Apple Mac Mini M4 16gb/256gb Ssd - Silver,5799,Novo  |  2 vendidos,"em 12x R$ 483 , 25 sem juros",Apple,M4,Mac mini,M4,macOS,256 GB,Apple M4 10-core,16 GB,256 GB,Prateado,Sierra,10,Não,Não,Apple,MU9D3LL/A
mac-mini-m4,Apple Mac Mini M4 16gb Ram 512gb Garantia Apple Lacrado 2024,7596,https://produto.mercadolivre.com.br/MLB-4062551265-apple-mac-mini-m4-16gb-ram-512gb-garantia-apple-lacrado-2024-_JM?searchVariation=187945956869,Frete grátis,2025-05-18 18:21:23.189195,Apple Mac Mini M4 16gb Ram 512gb Garantia Apple Lacrado 2024,7596,Novo,"em 12x R$ 730 , 12",Apple,M4,Mac mini,M4,macOS,512 GB,Apple M4 10-core,16 GB,512 GB,Prateado,Sequoia,10,Não,Não,Apple Inc,MU9ELL/A
mac-mini-m4,SSD Apple Mac Mini M2 Pro de 512 GB 16 GB de RAM 2023,11299,https://www.mercadolivre.com.br/ssd-apple-mac-mini-m2-pro-de-512-gb-16-gb-de-ram-2023/p/MLB22934158,Frete grátis,2025-05-18 18:21:23.189195,SSD Apple Mac Mini M2 Pro de 512 GB 16 GB de RAM 2023,11299,Novo  |  4 vendidos,"em 12x R$ 1.086 , 02",Apple,,Mac mini,M2 pro,macOS,512 GB,,16 GB,512 GB,Silver,,,,,,
mac-mini-m4,Apple Mac Mini M4 (2024) 10cpu 10gpu 16gb 256gb Envio Hoje,5683,https://produto.mercadolivre.com.br/MLB-5386170154-apple-mac-mini-m4-2024-10cpu-10gpu-16gb-256gb-envio-hoje-_JM?searchVariation=183598469920,Frete grátis,2025-05-18 18:21:23.190193,Apple Mac Mini M4 (2024) 10cpu 10gpu 16gb 256gb Envio Hoje,5683,Novo,"em 12x R$ 473 , 58 sem juros",Apple,M4,Mac mini,M4,macOS,256 GB,Apple M4 10-core,16 GB,256 GB,Prateado,,,Não,Não,Apple,MU9D3LL/A
mac-mini-m4,Apple Mac Mini M4 2024 10cpu 10gpu 16gb 256gb,6000,https://produto.mercadolivre.com.br/MLB-3993407401-apple-mac-mini-m4-2024-10cpu-10gpu-16gb-256gb-_JM?searchVariation=183054372222,Frete grátis,2025-05-18 18:21:23.190511,Apple Mac Mini M4 2024 10cpu 10gpu 16gb 256gb,6000,Novo  |  3 vendidos,em 12x R$ 500 sem juros,Apple,M4,Mac mini,M4,macOS,256 GB,Apple M4 10-core,16 GB,256 GB,Prateado,,2,Não,Não,Apple,MU9D3LL/A
mac-mini-m4,Mini Pc Lenovo I5 7a Ger M910q 32gb Ssd 256 Win10 + Pro 127/,1529,https://click1.mercadolivre.com.br/mclics/clicks/external/MLB/count?a=E%2F0QXzgTyTaHhj8rEM59bKeWCiwnGVzBbw5hIdNmb%2BOxMAp42lrjI04q2dQxuUlrcsvyrP83J1zUfGbaaat%2Fa3E3b%2B43S2b47Xogk5N0DXYFd61b5%2F6lFMpYZmi%2BUnjlbTWe2fY3ibthxCaFM6AMDsiRDyNyNXP0pd1KXgnnt%2B%2FA640wNTENeyrutnZ6JSWixZ%2B6FfD%2FwxN4g%2BUJoCYfiPKzHWOalbi9VprbQKyjM0xTufF5cUMeB3e4R6hOlpqi%2BP2YtiEOXHABBTA3XVQPZlSzs1VxduAysAZY8r18F3HqM%2BX5XzEyA8bcct3swcrMgpeOCFYvZ87J6INeNxhGoBnJJyjOq5kRlCFBhbrkWpqPHovka2X8Mw3GtpLMnBgQNjd3HU1NQxiZ76a8JaXodzWN0uRvR%2F5XNc2YmDqkJtvTQ4clKIfeTNQhbMugAhPxLGsvj7ad%2BLixWuafH1lLJ81TCR%2BtAUvIV75Z4tX1GS9jFlHhXTSTPQuiHTd3hlUranGon0zpx6b%2FbJmB7hnlKdBLz2qnJwTYnymwaHGof1JCAj1K1LfmVlEm1a%2Bh4At6O%2B%2BnH2yfQ6cO%2BhG5uPouLEzPHx9yBxpmnrmCuMn9CrpxkyzzoPIKx5cMsQJ4d%2B7sTlg8wXuOhxo3ouVq8OvxWq7XYZ9iQAhXHVvlU4qp9GdT%2FdBZ9Ksl%2Bmr7Iqqh91hl9JhJMma%2FlUGSUuWdkoULzQyrc%2BOPz7z6Fq5Z4o9363jvqQ%2B%2BkAgeDpDXhga69wsAZQ324Vka66aZ%2BViZdBni%2BcassrEqYxMyK0ip8GFHsBtp0kZnwZa6vhTHkJ0rwvHZt2IcXoTE9l9%2BzSTNjQFzEr%2ByuGGPsIhXgj1EU4vlaUPGzH9Ckqs6dK6XjJJXKwHrUqjVjptTRviDQsj2UVviabq9I7OOAgHswEt5hCLeAPiAxCS%2FzK75SB64Mw2kbzr0CaYS12uZLx8Y&searchVariation=182823286072,Frete grátis,2025-05-18 18:21:23.190511,Mini Pc Lenovo I5 7a Ger M910q 32gb Ssd 256 Win10 + Pro 127/,1529,Novo  |  +25 vendidos,"em 12x R$ 127 , 42 sem juros",Lenovo,M Tiny,M910,Intel Core i5,Windows,256 GB,Intel Core i5-7500,32 GB,256 GB,Preto,43151810,,Não,Não,Lenovo,Thinkcentre M910Q
mac-mini-m4,Mini Pc Lenovo M900 Core I5 6th 32gb Ssd 240gb Windows 11,1529,https://click1.mercadolivre.com.br/mclics/clicks/external/MLB/count?a=t8szGVSOzv5ToyrF6sozNASec5t6j1Rz1x%2B%2BVZKaX%2FwcQL53VmZGyHeEtNzGsdrbsVY5X4o%2Bi1kpqKXcwaxzKSG8r7F%2BYYe3CTFHVIlGBuBYCkqji9knhoY5GnOdEO6nT4JCkjNr%2BBOmR4Rkjx80JoN60ieMHPlhfLiJlknRSNILsyV7ivAfNWdT4%2FIeYpOGEjgkAvVC2QTKfcaYpRId6open4oYoW0vMHafS7B17FB%2F7ZEKPR11FU0vYG8xMWpos7j1PxYW4HOt%2FqbbC%2FqclcuXCzvWbfjJ7MLAnCXyCvXa4nYHIQRhXRORDm11D5%2BI%2BoO90ANUeZiRwDWMV6dDc2sPhB6NRhwaAZwkAQPRf5JkMyIJYeN58ka1MzTQXptAcodeOshdmrsvh%2B9fDhrtfyFxWzrecJs6vTQVOfvLCrkU10nXyT0UJWbBf8m4WOXOk9RniQ%2BgOqU81EWX3Cn%2BEP9%2BsZHBvU%2BTcD07gjPwl0eCUMdJfMH5QBrrVgWiJ3hzh57gGsgZAgqkoD7DCdfd2Fu8OmBt40Q54LMt5pnEHTg6ZIsEFy%2BrysTb1ktWB0e4NWb%2FMYIfeTCmE6M6ROqoafNCumOBQcnZVAv53YyEZ4mfZwJf1D2J2P2gH8N6hYl02lAxmDATcfmeWU%2B9%2FVbCvuYnMCyq2iB2eaZO%2BvDmsJ%2F%2Bz8A2RXL7VMr53ZWVCD755d3JnsFxUZGF%2FdJ0eHix74r%2BwHRAx2VgmnuyX9nUIb3xZ5YNPx5vufqHfAjtUj2dz%2BZ%2B%2B2iaKY8DzZsncIeE%2BlcGrPilzreZSl%2BNRzvk6yvUmFG2M8PAxpP4CSTNcakYlPUO5SOUdKk41Nq%2BZedtZGw5NX7NrIFlDkajMcFUIK6WB8KlnC98Yyp0fr%2BcnWA4xdBo37pLc82FPP9mw4UwBPRoV1okmVHqk5GAeKgqUCHDeRZOAFzNHt9%2Fc0Ef6%2FMS6QiL6kOv3R6tT9E%3D&searchVariation=187170998805,Frete grátis,2025-05-18 18:21:23.190511,Mini Pc Lenovo M900 Core I5 6th 32gb Ssd 240gb Windows 11,1529,Novo  |  +5 vendidos,"em 12x R$ 127 , 42 sem juros",Lenovo,ThinkCentre,M900,Intel Core i5,Windows 11 Pro,240 GB,Integrada,32 GB,,Preto,11,,Não,Não,Lenovo,
mac-mini-m4,Mini Pc Lenovo I5 7a Ger M910q 16gb Ssd 500 Win10 Pro,1509,https://click1.mercadolivre.com.br/mclics/clicks/external/MLB/count?a=oJDssn7lOF9ae1pPabdOqMCVScYvvfxkNM5yBaH64kWCQ6tXYDB4S5nHt6iWfd5pDzu61ROVbxtd3j6yDWag%2BlRXITHl07qMWSLr5uuNiGL5%2Bz3zbIt0rSH3bKA%2FyvITVyDcc%2BjpOp5kc5rPnI63WgmV4IUCjtOrvhSwz2FXutKwUnU1GkEXryVZpzZ4CtlekOteEfVegmdWPbIf86CNQmxZS1kg04rLmakYdfacsL99M20S74qYEvM2GuZmza6jcRlJGhezeuy7em5wXJFkii01ESVtTgPY2KiJpfG%2Bb0D%2BRRDM6zGiqsUSgdN6T2Xco8fook11kLXsiO%2BEMt7WSkJ8p5m7VjiPXECn8ho5PaW24CNppKN%2BEerjTrCMOjqp4L0RFGhsVSoQjwkBM4RWoeH7MVTCsHbLEp5xqvQXNbYXvTtpvphiTi5V8sd0XruFJL4tJEbS4dza8gK938%2BjFfzeU4HrG2mtaCPiPDfZmGhnLDcyYb8osf%2B7z%2BKODJRY8eQ6pqMqxrTH6KA0jmR0SeIoC8lmuCIqvNJmlVthGWeRdTFr9znBaO0TdAIrfD68Qp7y7IGTC2x0QxIR49i6nYQlQATdsbPdFJCoMY0eHAV1Aum8fsoKoYfSDZISdURns47L%2FDZoT7OeFwmcxfwCozQ26uErs2AnGL3zKEeGZCsqBe0ripM0c9whgjf682zLkU6nS3D25dqLBjaIPDanat5XWqmfVg7cpYzfAGoYKT8tt%2FS1U1g7dLM9FXYQVU%2FXEwl0IUyW2zLD49JW%2BAdLw%2BmC5AQnU0WB6okgxl9gPtNWohbgIZKNx%2BCaOK5KG8e0BV5FidtgZAvMXakTtQpxaQetnHgPRd1%2FF2LtF3JlAaoHDquCPq4hx1KSI5w2A639EC5ud9%2BRpyoJjY818Agc5NcLYHkbVZAWp6%2BuNd8VtKlcJ3qpJbAqUqFgdWPv%2BX4yLroQ1aE%3D&searchVariation=182403960106,Frete grátis,2025-05-18 18:21:23.190511,Mini Pc Lenovo I5 7a Ger M910q 16gb Ssd 500 Win10 Pro,1509,Novo  |  +25 vendidos,"em 12x R$ 125 , 75 sem juros",Lenovo,M Tiny,M910,Intel Core i5,Windows,500 GB,Intel Core i5-7500T,16 GB,,Preto,10,4,Não,Não,Lenovo,910
mac-mini-m4,"Apple Mac Mini M4 (2024) 10cpu 10gpu 24gb Ram 512gb Ssd, 12x",11899,https://produto.mercadolivre.com.br/MLB-5370783830-apple-mac-mini-m4-2024-10cpu-10gpu-24gb-ram-512gb-ssd-12x-_JM?searchVariation=187757203081,Frete grátis,2025-05-18 18:21:23.190511,"Apple Mac Mini M4 (2024) 10cpu 10gpu 24gb Ram 512gb Ssd, 12x",11899,Novo,"em 12x R$ 991 , 58 sem juros",Apple,M4,Mac mini,M4,macOS,,Apple M4 10-core,24 GB,512 GB,Prateado,Sequoia,16,Não,Não,Apple,MCYT4LL/A
mac-mini-m4,Apple Mac Mini M4 16gb/256gb Ssd - Silver,5799,https://produto.mercadolivre.com.br/MLB-5328764430-apple-mac-mini-m4-16gb256gb-ssd-silver-_JM?searchVariation=183208106864,Frete grátis,2025-05-18 18:21:23.191536,Apple Mac Mini M4 16gb/256gb Ssd - Silver,5799,Novo  |  +25 vendidos,"em 12x R$ 483 , 25 sem juros",Apple,M4,Mac mini,M4,macOS,256 GB,Apple M4 10-core,16 GB,256 GB,Prateado,Sierra,10,Não,Não,Apple,MU9D3LL/A
mac-mini-m4,Apple Mac Mini M4 16gb/256gb Ssd - Silver,5499,https://produto.mercadolivre.com.br/MLB-5328834870-apple-mac-mini-m4-16gb256gb-ssd-silver-_JM?searchVariation=187320604705,Frete grátis,2025-05-18 18:21:23.191536,Apple Mac Mini M4 16gb/256gb Ssd - Silver,5499,Novo  |  +5 vendidos,"em 12x R$ 528 , 55",Apple,M4,Mac mini,M4,macOS,256 GB,Apple M4 10-core,16 GB,256 GB,Prateado,Sierra,10,Não,Não,Apple,MU9D3LL/A
mac-mini-m4,Apple Mac Mini M4 16gb/256gb Ssd - Silver,5499,https://produto.mercadolivre.com.br/MLB-5328835266-apple-mac-mini-m4-16gb256gb-ssd-silver-_JM?searchVariation=187320605461,Frete grátis,2025-05-18 18:21:23.191536,Apple Mac Mini M4 16gb/256gb Ssd - Silver,5499,Novo  |  1 vendido,"em 12x R$ 528 , 55",Apple,M4,Mac mini,M4,macOS,256 GB,Apple M4 10-core,16 GB,256 GB,Prateado,Sierra,10,Não,Não,Apple,MU9D3LL/A
mac-mini-m4,Apple Mac Mini M4 (2024) 10cpu 10gpu 24gb Ram 512gb Ssd,11391,https://produto.mercadolivre.com.br/MLB-5171688284-apple-mac-mini-m4-2024-10cpu-10gpu-24gb-ram-512gb-ssd-_JM?searchVariation=186008313141,Frete grátis,2025-05-18 18:21:23.191536,Apple Mac Mini M4 (2024) 10cpu 10gpu 24gb Ram 512gb Ssd,11391,Novo  |  +5 vendidos,"em 12x R$ 952 , 60",Apple,M4,Mac mini,M4,macOS,,Apple M4 10-core,24 GB,512 GB,Prateado,Sequoia,10,,Não,Apple,MCYT4LL/A
mac-mini-m4,Apple Mac Mini Chip M4 Pro 12c Cpu 16c Gpu 24gb 512gb A3239,12999,https://www.mercadolivre.com.br/apple-mac-mini-chip-m4-pro-12c-cpu-16c-gpu-24gb-512gb-a3239/up/MLBU3172995603,Frete grátis,2025-05-18 18:21:23.192529,Apple Mac Mini Chip M4 Pro 12c Cpu 16c Gpu 24gb 512gb A3239,12999,Novo,"em 12x R$ 1.083 , 33 sem juros",Apple,MAC MINI,A3239,M4 Pro,macOS,512 GB,Apple M4 16-Core GPU,24 GB,512 GB,Prata,,12,Não,Não,Apple,MCX44LL/A
mac-mini-m4,"Apple Mac Mini M4 (2024) 10cpu 10gpu 32gb Ram 512gb Ssd, 12x",15699,https://produto.mercadolivre.com.br/MLB-5171847474-apple-mac-mini-m4-2024-10cpu-10gpu-32gb-ram-512gb-ssd-12x-_JM?searchVariation=182183207386,Frete grátis,2025-05-18 18:21:23.192529,"Apple Mac Mini M4 (2024) 10cpu 10gpu 32gb Ram 512gb Ssd, 12x",15699,Novo  |  +5 vendidos,"em 12x R$ 1.138 , 18 sem juros",Apple,M4,Mac mini,M4,macOS,,Apple M4 10-core,32 GB,512 GB,Prateado,Sequoia,10,,Não,Apple,Z1CF000C9
mac-mini-m4,4990 À Vista Apple Mac Mini M4 16gb Ram 10cpu 10gpu 256gb,6350,https://produto.mercadolivre.com.br/MLB-5366440596-4990-vista-apple-mac-mini-m4-16gb-ram-10cpu-10gpu-256gb-_JM?searchVariation=183458869010,Frete grátis,2025-05-18 18:21:23.192529,4990 À Vista Apple Mac Mini M4 16gb Ram 10cpu 10gpu 256gb,6350,Novo,"em 12x R$ 556 , 08",Apple,M4,Mac mini,M4,macOS,256 GB,Apple M4 10-core,16 GB,256 GB,Prateado,,,Não,Não,Apple,MU9D3LL/A
mac-mini-m4,"Apple Mac Studio M4 Max 14-core/32-core 36gb Ram 512gb Ssd,",23799,https://produto.mercadolivre.com.br/MLB-3998175851-apple-mac-studio-m4-max-14-core32-core-36gb-ram-512gb-ssd-_JM?searchVariation=183094084878,Frete grátis,2025-05-18 18:21:23.192529,"Apple Mac Studio M4 Max 14-core/32-core 36gb Ram 512gb Ssd,",23799,Novo  |  2 vendidos,"em 12x R$ 1.725 , 43 sem juros",Apple,Mac studio,Início 2024,M4 Max,macOS,,GPU 32 Núcleos,36 GB,512 GB,Cinza,,14,Não,Não,Apple,MU963LL/A
mac-mini-m4,Apple Mac Mini M4 16gb/256gb Ssd - Silver,5499,https://www.mercadolivre.com.br/apple-mac-mini-m4-16gb256gb-ssd--silver/up/MLBU3146162433,Frete grátis,2025-05-18 18:21:23.192529,Apple Mac Mini M4 16gb/256gb Ssd - Silver,5499,Novo,"em 12x R$ 528 , 55",Apple,M4,Mac mini,M4,macOS,256 GB,Apple M4 10-core,16 GB,256 GB,Prateado,Sierra,,Não,Não,Apple,MU9D3LL/A
mac-mini-m4,Apple Mac Mini M4 (2024) 10cpu 10gpu 16gb 256gb Envio Hoje,6299,https://produto.mercadolivre.com.br/MLB-5310908830-apple-mac-mini-m4-2024-10cpu-10gpu-16gb-256gb-envio-hoje-_JM?searchVariation=187153281369,Frete grátis,2025-05-18 18:21:23.193522,Apple Mac Mini M4 (2024) 10cpu 10gpu 16gb 256gb Envio Hoje,6299,Novo  |  +5 vendidos,"em 12x R$ 605 , 44",Apple,M4,Mac mini,M4,macOS,256 GB,Apple M4 10-core,16 GB,256 GB,Prateado,,,Não,Não,Apple,MU9D3LL/A
mac-mini-m4,Apple Mac Mini M4 Pro - 2024 12cpu 16gpu 24gb Ram 512gb Ssd,15990,https://produto.mercadolivre.com.br/MLB-5288011902-apple-mac-mini-m4-pro-2024-12cpu-16gpu-24gb-ram-512gb-ssd-_JM?searchVariation=186939260307,Frete grátis,2025-05-18 18:21:23.193522,Apple Mac Mini M4 Pro - 2024 12cpu 16gpu 24gb Ram 512gb Ssd,15990,Novo  |  2 vendidos,"em 12x R$ 1.199 , 25 sem juros",Apple,M4,Mac mini,M4 Pro,macOS,512 GB,Apple M4 16-core,24 GB,512 GB,Prateado,Sequoia,12,Não,Não,Apple,MCX44LL/A
mac-mini-m4,4990 À Vista Apple Mac Mini M4 10cpu 10gpu 16gb Ram 256gb,6490,https://produto.mercadolivre.com.br/MLB-5362164020-4990-vista-apple-mac-mini-m4-10cpu-10gpu-16gb-ram-256gb-_JM?searchVariation=187628951155,Frete grátis,2025-05-18 18:21:23.193522,4990 À Vista Apple Mac Mini M4 10cpu 10gpu 16gb Ram 256gb,6490,Novo,"em 12x R$ 511 , 12 sem juros",Apple,M4,Mac mini,M4,macOS,256 GB,Apple M4 10-core,16 GB,256 GB,Prateado,,,Não,Não,Apple,MU9D3LL/A
mac-mini-m4,"Apple Mac Mini M4 (2024) 10cpu 10gpu 32gb Ram 1tb Ssd, 12x",16999,https://produto.mercadolivre.com.br/MLB-3982911981-apple-mac-mini-m4-2024-10cpu-10gpu-32gb-ram-1tb-ssd-12x-_JM?searchVariation=187012771779,Frete grátis,2025-05-18 18:21:23.193522,"Apple Mac Mini M4 (2024) 10cpu 10gpu 32gb Ram 1tb Ssd, 12x",16999,Novo  |  3 vendidos,"em 12x R$ 1.232 , 43 sem juros",Apple,M4,Mac mini,M4,macOS,,Apple M4 10-core,32 GB,1 TB,Prateado,Sequoia,10,Não,Não,Apple,Z1CF000AD
mac-mini-m4,Apple Mac Mini M4 (2024) 16gb Ram 256ssd Envio Imediato,6474,https://produto.mercadolivre.com.br/MLB-3946566209-apple-mac-mini-m4-2024-16gb-ram-256ssd-envio-imediato-_JM?searchVariation=182701507736,Frete grátis,2025-05-18 18:21:23.193522,Apple Mac Mini M4 (2024) 16gb Ram 256ssd Envio Imediato,6474,Novo  |  1 vendido,"em 12x R$ 539 , 55 sem juros",Apple,M4,Mac mini,M4,macOS,256 GB,Apple M4 10-core,16 GB,256 GB,Prateado,MacOS,10,Não,Não,Apple,MU9D3LL/A
mac-mini-m4,Apple Mac Mini M4 Pro (2024) 14cpu 20gpu 64gb Ram 1tb Ssd,25199,https://produto.mercadolivre.com.br/MLB-5171786792-apple-mac-mini-m4-pro-2024-14cpu-20gpu-64gb-ram-1tb-ssd-_JM?searchVariation=186008506127,Frete grátis,2025-05-18 18:21:23.194512,Apple Mac Mini M4 Pro (2024) 14cpu 20gpu 64gb Ram 1tb Ssd,25199,Novo  |  4 vendidos,"em 12x R$ 2.107 , 18",Apple,M4,Mac mini,M4 Pro,macOS,,Apple M4 14-core,64 GB,1 TB,Prateado,Sequoia,14,,Não,Apple,Z1JV000KF
mac-mini-m4,Apple Mac Mini M4 Pro 12cpu 16gpu 24gb Ram 512gb Ssd,12960,https://www.mercadolivre.com.br/apple-mac-mini-m4-pro-12cpu-16gpu-24gb-ram-512gb-ssd/up/MLBU3105009060,Frete grátis,2025-05-18 18:21:23.194512,Apple Mac Mini M4 Pro 12cpu 16gpu 24gb Ram 512gb Ssd,12960,Novo,em 12x R$ 1.080 sem juros,Apple,M4 Pro,A3239,M4 Pro,macOS,512 GB,,24 GB,512 GB,,,,Não,Não,Apple,MCX44LL/A
mac-mini-m4,"Mac Mini Chip M4 Pro (24 Gb Ram, Ssd De 512 Gb)",15690,https://produto.mercadolivre.com.br/MLB-5327219558-mac-mini-chip-m4-pro-24-gb-ram-ssd-de-512-gb-_JM?searchVariation=187307079197,Frete grátis,2025-05-18 18:21:23.194512,"Mac Mini Chip M4 Pro (24 Gb Ram, Ssd De 512 Gb)",15690,Novo,"em 12x R$ 1.111 , 38 sem juros",Apple,M4,Mac mini,M4 Pro,macOS,512 GB,20,24 GB,512 GB,Prateado,Sequoia,,Não,Não,Apple,MCX44LL/A
mac-mini-m4,"Apple Mac Mini M4 (2024) 10cpu 10gpu 24gb Ram 1tb Ssd, 12x",14899,https://produto.mercadolivre.com.br/MLB-3993895277-apple-mac-mini-m4-2024-10cpu-10gpu-24gb-ram-1tb-ssd-12x-_JM?searchVariation=187127302541,Frete grátis,2025-05-18 18:21:23.194512,"Apple Mac Mini M4 (2024) 10cpu 10gpu 24gb Ram 1tb Ssd, 12x",14899,Novo  |  1 vendido,"em 12x R$ 1.080 , 18 sem juros",Apple,M4,Mac mini,M4,macOS,,Apple M4 10-core,24 GB,1 TB,Prateado,Sequoia,10,Não,Não,Apple,Z1CF000C7
mac-mini-m4,"Apple Mac Studio M4 Max 14-core/32-core 36gb Ram 1tb Ssd,",26499,https://produto.mercadolivre.com.br/MLB-5312378370-apple-mac-studio-m4-max-14-core32-core-36gb-ram-1tb-ssd-_JM?searchVariation=183094102830,Frete grátis,2025-05-18 18:21:23.194512,"Apple Mac Studio M4 Max 14-core/32-core 36gb Ram 1tb Ssd,",26499,Novo,"em 12x R$ 2.034 , 90 sem juros",Apple,Mac studio,Início 2024,M4 Max,macOS,1 TB,GPU 32 Núcleos,36 GB,1 TB,Cinza,,14,Não,Não,Apple,MSM4MAX02
mac-mini-m4,"Apple Mac Mini M4 (2024) 10cpu 10gpu 16gb Ram 512gb Ssd, 12x",9999,https://produto.mercadolivre.com.br/MLB-5171699336-apple-mac-mini-m4-2024-10cpu-10gpu-16gb-ram-512gb-ssd-12x-_JM?searchVariation=186008374635,Frete grátis,2025-05-18 18:21:23.195529,"Apple Mac Mini M4 (2024) 10cpu 10gpu 16gb Ram 512gb Ssd, 12x",9999,Novo  |  +5 vendidos,"em 12x R$ 724 , 93 sem juros",Apple,M4,Mac mini,M4,macOS,,Apple M4 10-core,16 GB,512 GB,Prateado,Sequoia,10,,Não,Apple,MU9D3LL/A
mac-mini-m4,Apple Mac Mini M4 14/20-core 64gb Ram 2tb Ssd,29990,https://produto.mercadolivre.com.br/MLB-3933853531-apple-mac-mini-m4-1420-core-64gb-ram-2tb-ssd-_JM?searchVariation=186443439301,Frete grátis,2025-05-18 18:21:23.195529,Apple Mac Mini M4 14/20-core 64gb Ram 2tb Ssd,29990,Novo,"em 12x R$ 2.499 , 17 sem juros",Apple,MAC MINI M4,Mac mini,M4,macOS,16 GB,20 core GPU,64 GB,2 TB,Prateado,MacOS,20,Não,Não,Apple,1
mac-mini-m4,"Apple Mac Mini M4 Pro (2024) 14cpu 20gpu 64gb Ram 2tb Ssd,",30699,https://produto.mercadolivre.com.br/MLB-5171711940-apple-mac-mini-m4-pro-2024-14cpu-20gpu-64gb-ram-2tb-ssd-_JM?searchVariation=182183356894,Frete grátis,2025-05-18 18:21:23.195529,"Apple Mac Mini M4 Pro (2024) 14cpu 20gpu 64gb Ram 2tb Ssd,",30699,Novo  |  +5 vendidos,"em 12x R$ 2.225 , 68 sem juros",Apple,M4,Mac mini,M4 Pro,macOS,,Apple M4 14-core,64 GB,2 TB,Prateado,Sequoia,14,,Não,Apple,Z1JV000KX
mac-mini-m4,Mac Mini 2024 M4 10/10gpu 16gb Ram 256ssd,6399,https://produto.mercadolivre.com.br/MLB-3938106341-mac-mini-2024-m4-1010gpu-16gb-ram-256ssd-_JM?searchVariation=186509960723,Frete grátis,2025-05-18 18:21:23.195529,Mac Mini 2024 M4 10/10gpu 16gb Ram 256ssd,6399,Novo  |  3 vendidos,"em 12x R$ 506 , 59 sem juros",Apple,MAC MINI,Mac Mini 2024,M4,macOS,256 GB,Apple M4 10-Core GPU,16 GB,256 GB,Prata,MacOS,10,Não,Não,Apple,MU9D3LL/A
mac-mini-m4,"Macmini M4 10c Cpu, 10c Gpu, 16gb, 256mb (lacrado)",6749,https://produto.mercadolivre.com.br/MLB-5373126366-macmini-m4-10c-cpu-10c-gpu-16gb-256mb-lacrado-_JM?searchVariation=187787862781,Frete grátis,2025-05-18 18:21:23.195529,"Macmini M4 10c Cpu, 10c Gpu, 16gb, 256mb (lacrado)",6749,Novo,"em 12x R$ 562 , 42 sem juros",Apple,M4,Mac mini,M4,macOS,256 GB,8 core,16 GB,256 GB,Prateado,Sequoia,10,Não,Não,Apple,MU9D3LL/A
mac-mini-m4,"Apple Mac Mini M4 (2024) 10cpu 10gpu, 16gb Ram, 512gb Ssd",7999,https://produto.mercadolivre.com.br/MLB-4061073337-apple-mac-mini-m4-2024-10cpu-10gpu-16gb-ram-512gb-ssd-_JM?searchVariation=187926634631,Frete grátis,2025-05-18 18:21:23.195529,"Apple Mac Mini M4 (2024) 10cpu 10gpu, 16gb Ram, 512gb Ssd",7999,Novo,"em 12x R$ 666 , 58 sem juros",Apple,M4,Mac mini,M4,macOS,512 GB,Apple M4 10-core,16 GB,512 GB,Prateado,Sequoia,10,Não,Não,Apple,MU9ELL/A
mac-mini-m4,Apple Mac Mini M4 (2024) 10cpu 10gpu 16gb Ram 512gb Ssd,9599,https://produto.mercadolivre.com.br/MLB-5171834640-apple-mac-mini-m4-2024-10cpu-10gpu-16gb-ram-512gb-ssd-_JM?searchVariation=182183140022,Frete grátis,2025-05-18 18:21:23.196524,Apple Mac Mini M4 (2024) 10cpu 10gpu 16gb Ram 512gb Ssd,9599,Novo  |  +5 vendidos,"em 12x R$ 790 , 84",Apple,M4,Mac mini,M4,macOS,,Apple M4 10-core,16 GB,512 GB,Prateado,Sequoia,10,,Não,Apple,MU9D3LL/A
mac-mini-m4,Apple Mac Mini M4 (2024) 10cpu 10gpu 24gb Ram 1tb Ssd,14199,https://produto.mercadolivre.com.br/MLB-5307520910-apple-mac-mini-m4-2024-10cpu-10gpu-24gb-ram-1tb-ssd-_JM?searchVariation=183060870974,Frete grátis,2025-05-18 18:21:23.196524,Apple Mac Mini M4 (2024) 10cpu 10gpu 24gb Ram 1tb Ssd,14199,Novo  |  1 vendido,"em 12x R$ 1.255 , 58",Apple,M4,Mac mini,M4,macOS,,Apple M4 10-core,24 GB,1 TB,Prateado,Sequoia,10,Não,Não,Apple,Z1CF000C7
mac-mini-m4,Apple Mac Mini M4 (2024) 10cpu 10gpu 16gb 256gb,6035,https://produto.mercadolivre.com.br/MLB-4034530973-apple-mac-mini-m4-2024-10cpu-10gpu-16gb-256gb-_JM?searchVariation=183374247584,Frete grátis,2025-05-18 18:21:23.196524,Apple Mac Mini M4 (2024) 10cpu 10gpu 16gb 256gb,6035,Novo,"em 12x R$ 502 , 92 sem juros",Apple,M4,Mac mini,M4,macOS,256 GB,Apple M4 10-core,16 GB,256 GB,Prateado,,,Não,Não,,MU9D3LL/A
mac-mini-m4,"Apple Mac Mini M4, 16gb Ram, 256gb",5999,https://produto.mercadolivre.com.br/MLB-5351616214-apple-mac-mini-m4-16gb-ram-256gb-_JM?searchVariation=183358731454,Frete grátis,2025-05-18 18:21:23.196524,"Apple Mac Mini M4, 16gb Ram, 256gb",5999,Novo,"em 12x R$ 576 , 70",Apple,MAC MINI,Mac Mini M4,M4,macOS,256 GB,10-Core GPU,16 GB,,Prateado,,14,Não,Não,Apple,A3238
